{"chunk_definitions":[{"chunk_id":"c5alxhgzfa7ig","chunk_label":"load-libraries","document_id":"37C79C9D","expansion_state":0,"options":{"echo":false,"engine":"r","label":"load-libraries","message":false,"warning":false},"row":18,"row_count":1,"visible":true},{"chunk_id":"cwrjqdnrcuf6i","chunk_label":"load_brexit_data","document_id":"37C79C9D","expansion_state":0,"options":{"engine":"r","label":"load_brexit_data","message":false,"warning":false},"row":144,"row_count":1,"visible":true},{"chunk_id":"cxft5oyt7r672","chunk_label":"brexit_histogram","document_id":"37C79C9D","expansion_state":0,"options":{"engine":"r","label":"brexit_histogram","message":false,"warning":false},"row":161,"row_count":1,"visible":true},{"chunk_id":"c2s5fifgfn7u7","chunk_label":"brexit_immigration_correlation","document_id":"37C79C9D","expansion_state":0,"options":{"engine":"r","label":"brexit_immigration_correlation"},"row":169,"row_count":1,"visible":true},{"chunk_id":"cumr0hssu3uw6","chunk_label":"brexit_immigration_plot","document_id":"37C79C9D","expansion_state":0,"options":{"engine":"r","label":"brexit_immigration_plot"},"row":180,"row_count":1,"visible":true}],"doc_write_time":1559917677}