Date/Time,Year,Month,snowfall
1843-01,1843,1,36.1
1843-02,1843,2,36.6
1843-03,1843,3,65.3
1843-04,1843,4,0.3
1843-05,1843,5,0
1843-06,1843,6,0
1843-07,1843,7,0
1843-08,1843,8,0
1843-09,1843,9,0
1843-10,1843,10,6.4
1843-11,1843,11,3
1843-12,1843,12,20.6
1844-01,1844,1,63.2
1844-02,1844,2,25.4
1844-03,1844,3,35.6
1844-04,1844,4,0
1844-05,1844,5,0
1844-06,1844,6,0
1844-07,1844,7,0
1844-08,1844,8,0
1844-09,1844,9,0
1844-10,1844,10,30.5
1844-11,1844,11,20.3
1844-12,1844,12,10.7
1845-01,1845,1,57.7
1845-02,1845,2,48.3
1845-03,1845,3,7.1
1845-04,1845,4,3.8
1845-05,1845,5,0
1845-06,1845,6,0
1845-07,1845,7,0
1845-08,1845,8,0
1845-09,1845,9,0
1845-10,1845,10,0
1845-11,1845,11,12.7
1845-12,1845,12,11.9
1846-01,1846,1,15.2
1846-02,1846,2,117.1
1846-03,1846,3,5.8
1846-04,1846,4,3.3
1846-05,1846,5,0
1846-06,1846,6,0
1846-07,1846,7,0
1846-08,1846,8,0
1846-09,1846,9,0
1846-10,1846,10,0
1846-11,1846,11,1
1846-12,1846,12,15.2
1847-01,1847,1,19.1
1847-02,1847,2,69.3
1847-03,1847,3,10.7
1847-04,1847,4,10.2
1847-05,1847,5,0
1847-06,1847,6,0
1847-07,1847,7,0
1847-08,1847,8,0
1847-09,1847,9,0
1847-10,1847,10,0
1847-11,1847,11,0
1847-12,1847,12,17.3
1848-01,1848,1,18
1848-02,1848,2,27.4
1848-03,1848,3,24.6
1848-04,1848,4,1.3
1848-05,1848,5,0
1848-06,1848,6,0
1848-07,1848,7,0
1848-08,1848,8,0
1848-09,1848,9,0
1848-10,1848,10,0
1848-11,1848,11,3.6
1848-12,1848,12,41.9
1849-01,1849,1,23.4
1849-02,1849,2,48.8
1849-03,1849,3,5.8
1849-04,1849,4,4.3
1849-05,1849,5,0
1849-06,1849,6,0
1849-07,1849,7,0
1849-08,1849,8,0
1849-09,1849,9,0
1849-10,1849,10,0
1849-11,1849,11,2.5
1849-12,1849,12,24.4
1850-01,1850,1,13.2
1850-02,1850,2,58.7
1850-03,1850,3,28.4
1850-04,1850,4,2.8
1850-05,1850,5,0
1850-06,1850,6,0
1850-07,1850,7,0
1850-08,1850,8,0
1850-09,1850,9,0
1850-10,1850,10,0
1850-11,1850,11,0
1850-12,1850,12,74.9
1851-01,1851,1,19.8
1851-02,1851,2,6.1
1851-03,1851,3,22.4
1851-04,1851,4,3
1851-05,1851,5,1.3
1851-06,1851,6,0
1851-07,1851,7,0
1851-08,1851,8,0
1851-09,1851,9,0
1851-10,1851,10,0.8
1851-11,1851,11,17
1851-12,1851,12,27.2
1852-01,1852,1,85.9
1852-02,1852,2,40.9
1852-03,1852,3,53.6
1852-04,1852,4,23.9
1852-05,1852,5,0
1852-06,1852,6,0
1852-07,1852,7,0
1852-08,1852,8,0
1852-09,1852,9,0
1852-10,1852,10,0
1852-11,1852,11,5.1
1852-12,1852,12,51.1
1853-01,1853,1,19.1
1853-02,1853,2,32
1853-03,1853,3,18
1853-04,1853,4,2.5
1853-05,1853,5,0
1853-06,1853,6,0
1853-07,1853,7,0
1853-08,1853,8,0
1853-09,1853,9,0
1853-10,1853,10,0
1853-11,1853,11,6.9
1853-12,1853,12,56.6
1854-01,1854,1,19.1
1854-02,1854,2,45.7
1854-03,1854,3,7.1
1854-04,1854,4,6.9
1854-05,1854,5,0
1854-06,1854,6,0
1854-07,1854,7,0
1854-08,1854,8,0
1854-09,1854,9,0
1854-10,1854,10,0
1854-11,1854,11,3.3
1854-12,1854,12,43.7
1855-01,1855,1,59.2
1855-02,1855,2,55.1
1855-03,1855,3,46
1855-04,1855,4,4.1
1855-05,1855,5,2.3
1855-06,1855,6,0
1855-07,1855,7,0
1855-08,1855,8,0
1855-09,1855,9,0
1855-10,1855,10,2
1855-11,1855,11,7.6
1855-12,1855,12,74.9
1856-01,1856,1,34.5
1856-02,1856,2,24.6
1856-03,1856,3,41.1
1856-04,1856,4,0.3
1856-05,1856,5,0
1856-06,1856,6,0
1856-07,1856,7,0
1856-08,1856,8,0
1856-09,1856,9,0
1856-10,1856,10,0.3
1856-11,1856,11,24.1
1856-12,1856,12,41.4
1857-01,1857,1,55.4
1857-02,1857,2,29.7
1857-03,1857,3,28.7
1857-04,1857,4,32.8
1857-05,1857,5,0
1857-06,1857,6,0
1857-07,1857,7,0
1857-08,1857,8,0
1857-09,1857,9,0
1857-10,1857,10,0.5
1857-11,1857,11,17.5
1857-12,1857,12,22.9
1858-01,1858,1,10.2
1858-02,1858,2,67.8
1858-03,1858,3,0.5
1858-04,1858,4,0.3
1858-05,1858,5,0
1858-06,1858,6,0
1858-07,1858,7,0
1858-08,1858,8,0
1858-09,1858,9,0
1858-10,1858,10,0
1858-11,1858,11,10.2
1858-12,1858,12,26.4
1859-01,1859,1,41.7
1859-02,1859,2,21.1
1859-03,1859,3,2.5
1859-04,1859,4,3
1859-05,1859,5,0
1859-06,1859,6,0
1859-07,1859,7,0
1859-08,1859,8,0
1859-09,1859,9,0
1859-10,1859,10,0
1859-11,1859,11,1.5
1859-12,1859,12,95
1860-01,1860,1,22.1
1860-02,1860,2,47.8
1860-03,1860,3,6.1
1860-04,1860,4,0.8
1860-05,1860,5,0
1860-06,1860,6,0
1860-07,1860,7,0
1860-08,1860,8,0
1860-09,1860,9,0
1860-10,1860,10,0
1860-11,1860,11,4.8
1860-12,1860,12,34.3
1861-01,1861,1,52.3
1861-02,1861,2,75.4
1861-03,1861,3,18
1861-04,1861,4,17.5
1861-05,1861,5,1.3
1861-06,1861,6,0
1861-07,1861,7,0
1861-08,1861,8,0
1861-09,1861,9,0
1861-10,1861,10,0
1861-11,1861,11,8.1
1861-12,1861,12,17.3
1862-01,1862,1,69.6
1862-02,1862,2,58.7
1862-03,1862,3,47
1862-04,1862,4,0.5
1862-05,1862,5,0
1862-06,1862,6,0
1862-07,1862,7,0
1862-08,1862,8,0
1862-09,1862,9,0
1862-10,1862,10,1.3
1862-11,1862,11,13.5
1862-12,1862,12,26.4
1863-01,1863,1,52.3
1863-02,1863,2,55.9
1863-03,1863,3,29
1863-04,1863,4,4.1
1863-05,1863,5,0.3
1863-06,1863,6,0
1863-07,1863,7,0
1863-08,1863,8,0
1863-09,1863,9,0
1863-10,1863,10,0
1863-11,1863,11,0.3
1863-12,1863,12,18
1864-01,1864,1,66.8
1864-02,1864,2,24.1
1864-03,1864,3,9.4
1864-04,1864,4,8.9
1864-05,1864,5,0
1864-06,1864,6,0
1864-07,1864,7,0
1864-08,1864,8,0
1864-09,1864,9,0
1864-10,1864,10,0
1864-11,1864,11,11.4
1864-12,1864,12,68.8
1865-01,1865,1,37.6
1865-02,1865,2,42.7
1865-03,1865,3,48
1865-04,1865,4,5.1
1865-05,1865,5,0
1865-06,1865,6,0
1865-07,1865,7,0
1865-08,1865,8,0
1865-09,1865,9,0
1865-10,1865,10,11.4
1865-11,1865,11,2.8
1865-12,1865,12,13.2
1866-01,1866,1,26.2
1866-02,1866,2,42.9
1866-03,1866,3,18.3
1866-04,1866,4,0
1866-05,1866,5,0
1866-06,1866,6,0
1866-07,1866,7,0
1866-08,1866,8,0
1866-09,1866,9,0
1866-10,1866,10,0
1866-11,1866,11,5.6
1866-12,1866,12,39.4
1867-01,1867,1,106.7
1867-02,1867,2,34
1867-03,1867,3,84.8
1867-04,1867,4,18.3
1867-05,1867,5,0
1867-06,1867,6,0
1867-07,1867,7,0
1867-08,1867,8,0
1867-09,1867,9,0
1867-10,1867,10,0
1867-11,1867,11,2.3
1867-12,1867,12,34.5
1868-01,1868,1,37.1
1868-02,1868,2,83.3
1868-03,1868,3,10.7
1868-04,1868,4,13.5
1868-05,1868,5,0
1868-06,1868,6,0
1868-07,1868,7,0
1868-08,1868,8,0
1868-09,1868,9,0
1868-10,1868,10,5.1
1868-11,1868,11,10.9
1868-12,1868,12,39.4
1869-01,1869,1,24.9
1869-02,1869,2,100.8
1869-03,1869,3,38.1
1869-04,1869,4,1.3
1869-05,1869,5,0
1869-06,1869,6,0
1869-07,1869,7,0
1869-08,1869,8,0
1869-09,1869,9,0
1869-10,1869,10,5.8
1869-11,1869,11,25.9
1869-12,1869,12,18
1870-01,1870,1,54.1
1870-02,1870,2,51.1
1870-03,1870,3,158.5
1870-04,1870,4,0.3
1870-05,1870,5,0
1870-06,1870,6,0
1870-07,1870,7,0
1870-08,1870,8,0
1870-09,1870,9,0
1870-10,1870,10,0
1870-11,1870,11,7.9
1870-12,1870,12,40.4
1871-01,1871,1,110.7
1871-02,1871,2,58.4
1871-03,1871,3,33
1871-04,1871,4,3.3
1871-05,1871,5,0
1871-06,1871,6,0
1871-07,1871,7,0
1871-08,1871,8,0
1871-09,1871,9,0
1871-10,1871,10,0
1871-11,1871,11,11.4
1871-12,1871,12,36.1
1872-01,1872,1,9.9
1872-02,1872,2,18.5
1872-03,1872,3,41.4
1872-04,1872,4,1.8
1872-05,1872,5,0
1872-06,1872,6,0
1872-07,1872,7,0
1872-08,1872,8,0
1872-09,1872,9,0
1872-10,1872,10,0
1872-11,1872,11,3.3
1872-12,1872,12,96.5
1873-01,1873,1,99.6
1873-02,1873,2,26.4
1873-03,1873,3,64
1873-04,1873,4,0
1873-05,1873,5,0
1873-06,1873,6,0
1873-07,1873,7,0
1873-08,1873,8,0
1873-09,1873,9,0
1873-10,1873,10,0.5
1873-11,1873,11,49.8
1873-12,1873,12,48.8
1874-01,1874,1,31
1874-02,1874,2,48.5
1874-03,1874,3,6.6
1874-04,1874,4,27.9
1874-05,1874,5,0
1874-06,1874,6,0
1874-07,1874,7,0
1874-08,1874,8,0
1874-09,1874,9,0
1874-10,1874,10,0
1874-11,1874,11,29.7
1874-12,1874,12,28.2
1875-01,1875,1,82
1875-02,1875,2,23.1
1875-03,1875,3,76.2
1875-04,1875,4,6.9
1875-05,1875,5,7.9
1875-06,1875,6,0
1875-07,1875,7,0
1875-08,1875,8,0
1875-09,1875,9,0
1875-10,1875,10,9.7
1875-11,1875,11,19.8
1875-12,1875,12,47.5
1876-01,1876,1,8.1
1876-02,1876,2,51.1
1876-03,1876,3,112
1876-04,1876,4,0.8
1876-05,1876,5,0
1876-06,1876,6,0
1876-07,1876,7,0
1876-08,1876,8,0
1876-09,1876,9,0
1876-10,1876,10,0.3
1876-11,1876,11,23.1
1876-12,1876,12,92.7
1877-01,1877,1,34
1877-02,1877,2,7.4
1877-03,1877,3,48.5
1877-04,1877,4,0
1877-05,1877,5,0
1877-06,1877,6,0
1877-07,1877,7,0
1877-08,1877,8,0
1877-09,1877,9,0
1877-10,1877,10,0
1877-11,1877,11,4.1
1877-12,1877,12,0.8
1878-01,1878,1,30.2
1878-02,1878,2,39.1
1878-03,1878,3,2.5
1878-04,1878,4,0
1878-05,1878,5,0
1878-06,1878,6,0
1878-07,1878,7,0
1878-08,1878,8,0
1878-09,1878,9,0
1878-10,1878,10,0
1878-11,1878,11,13.5
1878-12,1878,12,44.2
1879-01,1879,1,29.2
1879-02,1879,2,43.4
1879-03,1879,3,18.5
1879-04,1879,4,4.8
1879-05,1879,5,0
1879-06,1879,6,0
1879-07,1879,7,0
1879-08,1879,8,0
1879-09,1879,9,0
1879-10,1879,10,0.3
1879-11,1879,11,29.5
1879-12,1879,12,48.3
1880-01,1880,1,10.2
1880-02,1880,2,27.7
1880-03,1880,3,31.2
1880-04,1880,4,8.9
1880-05,1880,5,0
1880-06,1880,6,0
1880-07,1880,7,0
1880-08,1880,8,0
1880-09,1880,9,0
1880-10,1880,10,6.9
1880-11,1880,11,10.7
1880-12,1880,12,16.3
1881-01,1881,1,49.5
1881-02,1881,2,21.8
1881-03,1881,3,45.7
1881-04,1881,4,0.5
1881-05,1881,5,0
1881-06,1881,6,0
1881-07,1881,7,0
1881-08,1881,8,0
1881-09,1881,9,0
1881-10,1881,10,0
1881-11,1881,11,17.8
1881-12,1881,12,10.9
1882-01,1882,1,19.8
1882-02,1882,2,13.7
1882-03,1882,3,14.5
1882-04,1882,4,0.5
1882-05,1882,5,0
1882-06,1882,6,0
1882-07,1882,7,0
1882-08,1882,8,0
1882-09,1882,9,0
1882-10,1882,10,0
1882-11,1882,11,19.3
1882-12,1882,12,40.1
1883-01,1883,1,58.4
1883-02,1883,2,46.7
1883-03,1883,3,58.7
1883-04,1883,4,11.7
1883-05,1883,5,0
1883-06,1883,6,0
1883-07,1883,7,0
1883-08,1883,8,0
1883-09,1883,9,0
1883-10,1883,10,0
1883-11,1883,11,9.7
1883-12,1883,12,28.2
1884-01,1884,1,79.8
1884-02,1884,2,41.9
1884-03,1884,3,27.2
1884-04,1884,4,6.9
1884-05,1884,5,0.3
1884-06,1884,6,0
1884-07,1884,7,0
1884-08,1884,8,0
1884-09,1884,9,0
1884-10,1884,10,2
1884-11,1884,11,13.2
1884-12,1884,12,32.8
1885-01,1885,1,47.8
1885-02,1885,2,39.1
1885-03,1885,3,25.7
1885-04,1885,4,21.8
1885-05,1885,5,1.3
1885-06,1885,6,0
1885-07,1885,7,0
1885-08,1885,8,0
1885-09,1885,9,0
1885-10,1885,10,2
1885-11,1885,11,5.8
1885-12,1885,12,23.1
1886-01,1886,1,73.9
1886-02,1886,2,25.4
1886-03,1886,3,15.2
1886-04,1886,4,18
1886-05,1886,5,0
1886-06,1886,6,0
1886-07,1886,7,0
1886-08,1886,8,0
1886-09,1886,9,0
1886-10,1886,10,0
1886-11,1886,11,12.2
1886-12,1886,12,41.9
1887-01,1887,1,62.5
1887-02,1887,2,54.9
1887-03,1887,3,22.9
1887-04,1887,4,0.3
1887-05,1887,5,0
1887-06,1887,6,0
1887-07,1887,7,0
1887-08,1887,8,0
1887-09,1887,9,0
1887-10,1887,10,0.3
1887-11,1887,11,19.3
1887-12,1887,12,37.8
1888-01,1888,1,31.5
1888-02,1888,2,16.8
1888-03,1888,3,22.6
1888-04,1888,4,0.3
1888-05,1888,5,0.3
1888-06,1888,6,0
1888-07,1888,7,0
1888-08,1888,8,0
1888-09,1888,9,0
1888-10,1888,10,0.8
1888-11,1888,11,9.9
1888-12,1888,12,5.8
1889-01,1889,1,53.8
1889-02,1889,2,53.1
1889-03,1889,3,25.1
1889-04,1889,4,4.8
1889-05,1889,5,0
1889-06,1889,6,0
1889-07,1889,7,0
1889-08,1889,8,0
1889-09,1889,9,0
1889-10,1889,10,0.5
1889-11,1889,11,21.6
1889-12,1889,12,9.9
1890-01,1890,1,16
1890-02,1890,2,39.4
1890-03,1890,3,24.6
1890-04,1890,4,0.3
1890-05,1890,5,0
1890-06,1890,6,0
1890-07,1890,7,0
1890-08,1890,8,0
1890-09,1890,9,0
1890-10,1890,10,0
1890-11,1890,11,4.8
1890-12,1890,12,48.5
1891-01,1891,1,30.7
1891-02,1891,2,24.9
1891-03,1891,3,45
1891-04,1891,4,0.3
1891-05,1891,5,0.8
1891-06,1891,6,0
1891-07,1891,7,0
1891-08,1891,8,0
1891-09,1891,9,0
1891-10,1891,10,0
1891-11,1891,11,9.1
1891-12,1891,12,10.7
1892-01,1892,1,34.3
1892-02,1892,2,41.9
1892-03,1892,3,6.1
1892-04,1892,4,0.8
1892-05,1892,5,0
1892-06,1892,6,0
1892-07,1892,7,0
1892-08,1892,8,0
1892-09,1892,9,0
1892-10,1892,10,0
1892-11,1892,11,16
1892-12,1892,12,8.1
1893-01,1893,1,62.5
1893-02,1893,2,73.2
1893-03,1893,3,10.7
1893-04,1893,4,16
1893-05,1893,5,0
1893-06,1893,6,0
1893-07,1893,7,0
1893-08,1893,8,0
1893-09,1893,9,0
1893-10,1893,10,0
1893-11,1893,11,7.6
1893-12,1893,12,47.5
1894-01,1894,1,18
1894-02,1894,2,41.1
1894-03,1894,3,2.5
1894-04,1894,4,18
1894-05,1894,5,0
1894-06,1894,6,0
1894-07,1894,7,0
1894-08,1894,8,0
1894-09,1894,9,0
1894-10,1894,10,0
1894-11,1894,11,10.7
1894-12,1894,12,5.6
1895-01,1895,1,90.9
1895-02,1895,2,10.2
1895-03,1895,3,13.7
1895-04,1895,4,1.5
1895-05,1895,5,0
1895-06,1895,6,0
1895-07,1895,7,0
1895-08,1895,8,0
1895-09,1895,9,0
1895-10,1895,10,4.3
1895-11,1895,11,5.3
1895-12,1895,12,13.2
1896-01,1896,1,52.6
1896-02,1896,2,75.2
1896-03,1896,3,29
1896-04,1896,4,0.8
1896-05,1896,5,0
1896-06,1896,6,0
1896-07,1896,7,0
1896-08,1896,8,0
1896-09,1896,9,0
1896-10,1896,10,4.8
1896-11,1896,11,8.6
1896-12,1896,12,15.2
1897-01,1897,1,28.2
1897-02,1897,2,19.6
1897-03,1897,3,16.3
1897-04,1897,4,10.4
1897-05,1897,5,0
1897-06,1897,6,0
1897-07,1897,7,0
1897-08,1897,8,0
1897-09,1897,9,0
1897-10,1897,10,0
1897-11,1897,11,12.2
1897-12,1897,12,33.8
1898-01,1898,1,31.2
1898-02,1898,2,62.2
1898-03,1898,3,0
1898-04,1898,4,1.3
1898-05,1898,5,0
1898-06,1898,6,0
1898-07,1898,7,0
1898-08,1898,8,0
1898-09,1898,9,0
1898-10,1898,10,0
1898-11,1898,11,39.6
1898-12,1898,12,46.7
1899-01,1899,1,12.7
1899-02,1899,2,14
1899-03,1899,3,37.6
1899-04,1899,4,4.6
1899-05,1899,5,0
1899-06,1899,6,0
1899-07,1899,7,0
1899-08,1899,8,0
1899-09,1899,9,0
1899-10,1899,10,0
1899-11,1899,11,1.8
1899-12,1899,12,10.2
1900-01,1900,1,37.3
1900-02,1900,2,77.9
1900-03,1900,3,46.4
1900-04,1900,4,0
1900-05,1900,5,0
1900-06,1900,6,0
1900-07,1900,7,0
1900-08,1900,8,0
1900-09,1900,9,0
1900-10,1900,10,0
1900-11,1900,11,22.1
1900-12,1900,12,5.6
1901-01,1901,1,42.9
1901-02,1901,2,36.6
1901-03,1901,3,34.5
1901-04,1901,4,22.4
1901-05,1901,5,0
1901-06,1901,6,0
1901-07,1901,7,0
1901-08,1901,8,0
1901-09,1901,9,0
1901-10,1901,10,0
1901-11,1901,11,8.1
1901-12,1901,12,35.1
1902-01,1902,1,64.5
1902-02,1902,2,14.7
1902-03,1902,3,8.9
1902-04,1902,4,0.5
1902-05,1902,5,0
1902-06,1902,6,0
1902-07,1902,7,0
1902-08,1902,8,0
1902-09,1902,9,0
1902-10,1902,10,0
1902-11,1902,11,18.3
1902-12,1902,12,18
1903-01,1903,1,51.8
1903-02,1903,2,33
1903-03,1903,3,0.5
1903-04,1903,4,7.6
1903-05,1903,5,0.3
1903-06,1903,6,0
1903-07,1903,7,0
1903-08,1903,8,0
1903-09,1903,9,0
1903-10,1903,10,3
1903-11,1903,11,6.6
1903-12,1903,12,24.1
1904-01,1904,1,47.5
1904-02,1904,2,48.5
1904-03,1904,3,15.2
1904-04,1904,4,11.9
1904-05,1904,5,0
1904-06,1904,6,0
1904-07,1904,7,0
1904-08,1904,8,0
1904-09,1904,9,0
1904-10,1904,10,1.5
1904-11,1904,11,0.8
1904-12,1904,12,18
1905-01,1905,1,67.3
1905-02,1905,2,34.8
1905-03,1905,3,4.3
1905-04,1905,4,8.9
1905-05,1905,5,0
1905-06,1905,6,0
1905-07,1905,7,0
1905-08,1905,8,0
1905-09,1905,9,0
1905-10,1905,10,0
1905-11,1905,11,7.1
1905-12,1905,12,15.5
1906-01,1906,1,10.9
1906-02,1906,2,9.1
1906-03,1906,3,31.2
1906-04,1906,4,2.8
1906-05,1906,5,0
1906-06,1906,6,0
1906-07,1906,7,0
1906-08,1906,8,0
1906-09,1906,9,0
1906-10,1906,10,7.1
1906-11,1906,11,2
1906-12,1906,12,32.5
1907-01,1907,1,45.7
1907-02,1907,2,18
1907-03,1907,3,8.4
1907-04,1907,4,3
1907-05,1907,5,4.1
1907-06,1907,6,0
1907-07,1907,7,0
1907-08,1907,8,0
1907-09,1907,9,0
1907-10,1907,10,0
1907-11,1907,11,2.3
1907-12,1907,12,50.5
1908-01,1908,1,48.3
1908-02,1908,2,66.3
1908-03,1908,3,15.7
1908-04,1908,4,15.2
1908-05,1908,5,0.3
1908-06,1908,6,0
1908-07,1908,7,0
1908-08,1908,8,0
1908-09,1908,9,0
1908-10,1908,10,0
1908-11,1908,11,9.4
1908-12,1908,12,42.4
1909-01,1909,1,45.2
1909-02,1909,2,39.4
1909-03,1909,3,40.4
1909-04,1909,4,13
1909-05,1909,5,2
1909-06,1909,6,0
1909-07,1909,7,0
1909-08,1909,8,0
1909-09,1909,9,0
1909-10,1909,10,0.3
1909-11,1909,11,5.8
1909-12,1909,12,29.5
1910-01,1910,1,50.5
1910-02,1910,2,61.5
1910-03,1910,3,2
1910-04,1910,4,3.3
1910-05,1910,5,0
1910-06,1910,6,0
1910-07,1910,7,0
1910-08,1910,8,0
1910-09,1910,9,0
1910-10,1910,10,0
1910-11,1910,11,24.4
1910-12,1910,12,38.9
1911-01,1911,1,22.4
1911-02,1911,2,49
1911-03,1911,3,17.3
1911-04,1911,4,3.3
1911-05,1911,5,0.5
1911-06,1911,6,0
1911-07,1911,7,0
1911-08,1911,8,0
1911-09,1911,9,0
1911-10,1911,10,3
1911-11,1911,11,17
1911-12,1911,12,21.1
1912-01,1912,1,52.8
1912-02,1912,2,41.9
1912-03,1912,3,47.2
1912-04,1912,4,10.7
1912-05,1912,5,0.3
1912-06,1912,6,0
1912-07,1912,7,0
1912-08,1912,8,0
1912-09,1912,9,0
1912-10,1912,10,0
1912-11,1912,11,5.6
1912-12,1912,12,16
1913-01,1913,1,29.5
1913-02,1913,2,17.8
1913-03,1913,3,31.5
1913-04,1913,4,0.5
1913-05,1913,5,0
1913-06,1913,6,0
1913-07,1913,7,0
1913-08,1913,8,0
1913-09,1913,9,0
1913-10,1913,10,0
1913-11,1913,11,2
1913-12,1913,12,14.2
1914-01,1914,1,76.7
1914-02,1914,2,32.5
1914-03,1914,3,30
1914-04,1914,4,2.5
1914-05,1914,5,0
1914-06,1914,6,0
1914-07,1914,7,0
1914-08,1914,8,0
1914-09,1914,9,0
1914-10,1914,10,0
1914-11,1914,11,8.4
1914-12,1914,12,38.6
1915-01,1915,1,69.1
1915-02,1915,2,21.8
1915-03,1915,3,18.8
1915-04,1915,4,1.3
1915-05,1915,5,0
1915-06,1915,6,0
1915-07,1915,7,0
1915-08,1915,8,0
1915-09,1915,9,0
1915-10,1915,10,0
1915-11,1915,11,7.4
1915-12,1915,12,44.5
1916-01,1916,1,7.9
1916-02,1916,2,62.7
1916-03,1916,3,47.2
1916-04,1916,4,4.8
1916-05,1916,5,0
1916-06,1916,6,0
1916-07,1916,7,0
1916-08,1916,8,0
1916-09,1916,9,0
1916-10,1916,10,0
1916-11,1916,11,16.3
1916-12,1916,12,32
1917-01,1917,1,45.5
1917-02,1917,2,15.2
1917-03,1917,3,25.9
1917-04,1917,4,5.8
1917-05,1917,5,0
1917-06,1917,6,0
1917-07,1917,7,0
1917-08,1917,8,0
1917-09,1917,9,0
1917-10,1917,10,0.5
1917-11,1917,11,5.3
1917-12,1917,12,58.4
1918-01,1918,1,58.4
1918-02,1918,2,30.5
1918-03,1918,3,26.4
1918-04,1918,4,2
1918-05,1918,5,0
1918-06,1918,6,0
1918-07,1918,7,0
1918-08,1918,8,0
1918-09,1918,9,0
1918-10,1918,10,0
1918-11,1918,11,7.4
1918-12,1918,12,38.1
1919-01,1919,1,10.9
1919-02,1919,2,12.7
1919-03,1919,3,17.3
1919-04,1919,4,6.6
1919-05,1919,5,0
1919-06,1919,6,0
1919-07,1919,7,0
1919-08,1919,8,0
1919-09,1919,9,0
1919-10,1919,10,0
1919-11,1919,11,1
1919-12,1919,12,24.4
1920-01,1920,1,61.5
1920-02,1920,2,39.9
1920-03,1920,3,15
1920-04,1920,4,15
1920-05,1920,5,0
1920-06,1920,6,0
1920-07,1920,7,0
1920-08,1920,8,0
1920-09,1920,9,0
1920-10,1920,10,0.8
1920-11,1920,11,27.7
1920-12,1920,12,29.2
1921-01,1921,1,10.2
1921-02,1921,2,29.5
1921-03,1921,3,2.5
1921-04,1921,4,9.1
1921-05,1921,5,0
1921-06,1921,6,0
1921-07,1921,7,0
1921-08,1921,8,0
1921-09,1921,9,0
1921-10,1921,10,0
1921-11,1921,11,19.1
1921-12,1921,12,17.3
1922-01,1922,1,22.9
1922-02,1922,2,31.8
1922-03,1922,3,29.5
1922-04,1922,4,0.5
1922-05,1922,5,0
1922-06,1922,6,0
1922-07,1922,7,0
1922-08,1922,8,0
1922-09,1922,9,0
1922-10,1922,10,0
1922-11,1922,11,13.5
1922-12,1922,12,30
1923-01,1923,1,72.4
1923-02,1923,2,26.7
1923-03,1923,3,52.1
1923-04,1923,4,6.4
1923-05,1923,5,3.8
1923-06,1923,6,0
1923-07,1923,7,0
1923-08,1923,8,0
1923-09,1923,9,0
1923-10,1923,10,0.3
1923-11,1923,11,5.1
1923-12,1923,12,14
1924-01,1924,1,64.5
1924-02,1924,2,82.3
1924-03,1924,3,6.9
1924-04,1924,4,8.9
1924-05,1924,5,0
1924-06,1924,6,0
1924-07,1924,7,0
1924-08,1924,8,0
1924-09,1924,9,0
1924-10,1924,10,0
1924-11,1924,11,2.8
1924-12,1924,12,29.2
1925-01,1925,1,50.8
1925-02,1925,2,24.4
1925-03,1925,3,18.5
1925-04,1925,4,4.1
1925-05,1925,5,0
1925-06,1925,6,0
1925-07,1925,7,0
1925-08,1925,8,0
1925-09,1925,9,0
1925-10,1925,10,10.7
1925-11,1925,11,4.3
1925-12,1925,12,20.1
1926-01,1926,1,47.8
1926-02,1926,2,46.7
1926-03,1926,3,21.8
1926-04,1926,4,11.7
1926-05,1926,5,0
1926-06,1926,6,0
1926-07,1926,7,0
1926-08,1926,8,0
1926-09,1926,9,0
1926-10,1926,10,0.3
1926-11,1926,11,1.8
1926-12,1926,12,27.7
1927-01,1927,1,27.4
1927-02,1927,2,42.7
1927-03,1927,3,12.7
1927-04,1927,4,3
1927-05,1927,5,0
1927-06,1927,6,0
1927-07,1927,7,0
1927-08,1927,8,0
1927-09,1927,9,0
1927-10,1927,10,0
1927-11,1927,11,10.2
1927-12,1927,12,7.6
1928-01,1928,1,23.4
1928-02,1928,2,8.4
1928-03,1928,3,29.5
1928-04,1928,4,17.3
1928-05,1928,5,0
1928-06,1928,6,0
1928-07,1928,7,0
1928-08,1928,8,0
1928-09,1928,9,0
1928-10,1928,10,0
1928-11,1928,11,2.3
1928-12,1928,12,4.3
1929-01,1929,1,36.6
1929-02,1929,2,33.8
1929-03,1929,3,8.1
1929-04,1929,4,0.3
1929-05,1929,5,0.3
1929-06,1929,6,0
1929-07,1929,7,0
1929-08,1929,8,0
1929-09,1929,9,0
1929-10,1929,10,0
1929-11,1929,11,2.8
1929-12,1929,12,56.4
1930-01,1930,1,33.3
1930-02,1930,2,28.7
1930-03,1930,3,26.7
1930-04,1930,4,1
1930-05,1930,5,0
1930-06,1930,6,0
1930-07,1930,7,0
1930-08,1930,8,0
1930-09,1930,9,0
1930-10,1930,10,0.5
1930-11,1930,11,2.3
1930-12,1930,12,16.3
1931-01,1931,1,57.2
1931-02,1931,2,24.1
1931-03,1931,3,43.9
1931-04,1931,4,9.1
1931-05,1931,5,0
1931-06,1931,6,0
1931-07,1931,7,0
1931-08,1931,8,0
1931-09,1931,9,0
1931-10,1931,10,0
1931-11,1931,11,1.5
1931-12,1931,12,16
1932-01,1932,1,38.6
1932-02,1932,2,34
1932-03,1932,3,37.1
1932-04,1932,4,22.1
1932-05,1932,5,0
1932-06,1932,6,0
1932-07,1932,7,0
1932-08,1932,8,0
1932-09,1932,9,0
1932-10,1932,10,0.8
1932-11,1932,11,19.8
1932-12,1932,12,8.4
1933-01,1933,1,5.3
1933-02,1933,2,16
1933-03,1933,3,13
1933-04,1933,4,2
1933-05,1933,5,0
1933-06,1933,6,0
1933-07,1933,7,0
1933-08,1933,8,0
1933-09,1933,9,0
1933-10,1933,10,0
1933-11,1933,11,37.3
1933-12,1933,12,46.2
1934-01,1934,1,12.7
1934-02,1934,2,23.6
1934-03,1934,3,27.4
1934-04,1934,4,4.8
1934-05,1934,5,0
1934-06,1934,6,0
1934-07,1934,7,0
1934-08,1934,8,0
1934-09,1934,9,0
1934-10,1934,10,0.5
1934-11,1934,11,0
1934-12,1934,12,40.1
1935-01,1935,1,30.5
1935-02,1935,2,38.9
1935-03,1935,3,5.8
1935-04,1935,4,5.6
1935-05,1935,5,0
1935-06,1935,6,0
1935-07,1935,7,0
1935-08,1935,8,0
1935-09,1935,9,0
1935-10,1935,10,0
1935-11,1935,11,1.3
1935-12,1935,12,37.3
1936-01,1936,1,30.2
1936-02,1936,2,49
1936-03,1936,3,52.8
1936-04,1936,4,4.6
1936-05,1936,5,0
1936-06,1936,6,0
1936-07,1936,7,0
1936-08,1936,8,0
1936-09,1936,9,0
1936-10,1936,10,0.8
1936-11,1936,11,12.2
1936-12,1936,12,19.6
1937-01,1937,1,6.4
1937-02,1937,2,7.9
1937-03,1937,3,23.1
1937-04,1937,4,0.3
1937-05,1937,5,0
1937-06,1937,6,0
1937-07,1937,7,0
1937-08,1937,8,0
1937-09,1937,9,0
1937-10,1937,10,0.5
1937-11,1937,11,0
1937-12,1937,12,23.6
1938-01,1938,1,24.6
1938-02,1938,2,9.1
1938-03,1938,3,7.9
1938-04,1938,4,12.7
1938-05,1938,5,0
1938-06,1938,6,0
1938-07,1938,7,0
1938-08,1938,8,0
1938-09,1938,9,0
1938-10,1938,10,0
1938-11,1938,11,4.3
1938-12,1938,12,35.8
1939-01,1939,1,49.5
1939-02,1939,2,50.5
1939-03,1939,3,50
1939-04,1939,4,19.6
1939-05,1939,5,0
1939-06,1939,6,0
1939-07,1939,7,0
1939-08,1939,8,0
1939-09,1939,9,0
1939-10,1939,10,0
1939-11,1939,11,0
1939-12,1939,12,7.4
1940-01,1940,1,29.7
1940-02,1940,2,38.9
1940-03,1940,3,35.1
1940-04,1940,4,10.4
1940-05,1940,5,0
1940-06,1940,6,0
1940-07,1940,7,0
1940-08,1940,8,0
1940-09,1940,9,0
1940-10,1940,10,0
1940-11,1940,11,42.2
1940-12,1940,12,11.9
1941-01,1941,1,41.7
1941-02,1941,2,27.4
1941-03,1941,3,26.2
1941-04,1941,4,0
1941-05,1941,5,0
1941-06,1941,6,0
1941-07,1941,7,0
1941-08,1941,8,0
1941-09,1941,9,0
1941-10,1941,10,0
1941-11,1941,11,0
1941-12,1941,12,16
1942-01,1942,1,11.9
1942-02,1942,2,33.5
1942-03,1942,3,14.2
1942-04,1942,4,14
1942-05,1942,5,0
1942-06,1942,6,0
1942-07,1942,7,0
1942-08,1942,8,0
1942-09,1942,9,0
1942-10,1942,10,0
1942-11,1942,11,14.5
1942-12,1942,12,37.1
1943-01,1943,1,68.3
1943-02,1943,2,20.3
1943-03,1943,3,23.9
1943-04,1943,4,20.3
1943-05,1943,5,0
1943-06,1943,6,0
1943-07,1943,7,0
1943-08,1943,8,0
1943-09,1943,9,0
1943-10,1943,10,0
1943-11,1943,11,4.1
1943-12,1943,12,2.8
1944-01,1944,1,6.6
1944-02,1944,2,49.5
1944-03,1944,3,30
1944-04,1944,4,17
1944-05,1944,5,0
1944-06,1944,6,0
1944-07,1944,7,0
1944-08,1944,8,0
1944-09,1944,9,0
1944-10,1944,10,0
1944-11,1944,11,10.7
1944-12,1944,12,92.5
1945-01,1945,1,45.7
1945-02,1945,2,30.2
1945-03,1945,3,3.3
1945-04,1945,4,10.9
1945-05,1945,5,0
1945-06,1945,6,0
1945-07,1945,7,0
1945-08,1945,8,0
1945-09,1945,9,0
1945-10,1945,10,0
1945-11,1945,11,12.7
1945-12,1945,12,18.5
1946-01,1946,1,56.6
1946-02,1946,2,54.6
1946-03,1946,3,1.5
1946-04,1946,4,3.3
1946-05,1946,5,0
1946-06,1946,6,0
1946-07,1946,7,0
1946-08,1946,8,0
1946-09,1946,9,0
1946-10,1946,10,0
1946-11,1946,11,13
1946-12,1946,12,24.1
1947-01,1947,1,59.9
1947-02,1947,2,25.1
1947-03,1947,3,36.6
1947-04,1947,4,12.7
1947-05,1947,5,0.5
1947-06,1947,6,0
1947-07,1947,7,0
1947-08,1947,8,0
1947-09,1947,9,0
1947-10,1947,10,0
1947-11,1947,11,13
1947-12,1947,12,34.5
1948-01,1948,1,37.1
1948-02,1948,2,48.5
1948-03,1948,3,16.3
1948-04,1948,4,0.3
1948-05,1948,5,0
1948-06,1948,6,0
1948-07,1948,7,0
1948-08,1948,8,0
1948-09,1948,9,0
1948-10,1948,10,0
1948-11,1948,11,0
1948-12,1948,12,42.2
1949-01,1949,1,21.8
1949-02,1949,2,30.5
1949-03,1949,3,32.5
1949-04,1949,4,1.3
1949-05,1949,5,0
1949-06,1949,6,0
1949-07,1949,7,0
1949-08,1949,8,0
1949-09,1949,9,0
1949-10,1949,10,0
1949-11,1949,11,22.6
1949-12,1949,12,10.9
1950-01,1950,1,41.7
1950-02,1950,2,70.9
1950-03,1950,3,29.7
1950-04,1950,4,1.8
1950-05,1950,5,0
1950-06,1950,6,0
1950-07,1950,7,0
1950-08,1950,8,0
1950-09,1950,9,0
1950-10,1950,10,0
1950-11,1950,11,57.2
1950-12,1950,12,3.6
1951-01,1951,1,28.7
1951-02,1951,2,20.8
1951-03,1951,3,23.9
1951-04,1951,4,0
1951-05,1951,5,0
1951-06,1951,6,0
1951-07,1951,7,0
1951-08,1951,8,0
1951-09,1951,9,0
1951-10,1951,10,0
1951-11,1951,11,34
1951-12,1951,12,71.1
1952-01,1952,1,45.5
1952-02,1952,2,19.1
1952-03,1952,3,7.9
1952-04,1952,4,0.3
1952-05,1952,5,0
1952-06,1952,6,0
1952-07,1952,7,0
1952-08,1952,8,0
1952-09,1952,9,0
1952-10,1952,10,2.3
1952-11,1952,11,0
1952-12,1952,12,9.1
1953-01,1953,1,16
1953-02,1953,2,19.1
1953-03,1953,3,0.3
1953-04,1953,4,0
1953-05,1953,5,0
1953-06,1953,6,0
1953-07,1953,7,0
1953-08,1953,8,0
1953-09,1953,9,0
1953-10,1953,10,0
1953-11,1953,11,16.8
1953-12,1953,12,14.5
1954-01,1954,1,37.1
1954-02,1954,2,36.8
1954-03,1954,3,30.5
1954-04,1954,4,0
1954-05,1954,5,0
1954-06,1954,6,0
1954-07,1954,7,0
1954-08,1954,8,0
1954-09,1954,9,0
1954-10,1954,10,0
1954-11,1954,11,2.8
1954-12,1954,12,24.1
1955-01,1955,1,31.2
1955-02,1955,2,35.8
1955-03,1955,3,32
1955-04,1955,4,0
1955-05,1955,5,0
1955-06,1955,6,0
1955-07,1955,7,0
1955-08,1955,8,0
1955-09,1955,9,0
1955-10,1955,10,0
1955-11,1955,11,6.1
1955-12,1955,12,44.7
1956-01,1956,1,36.3
1956-02,1956,2,30
1956-03,1956,3,44.5
1956-04,1956,4,12.2
1956-05,1956,5,0
1956-06,1956,6,0
1956-07,1956,7,0
1956-08,1956,8,0
1956-09,1956,9,0
1956-10,1956,10,0
1956-11,1956,11,7.6
1956-12,1956,12,22.1
1957-01,1957,1,42.2
1957-02,1957,2,31
1957-03,1957,3,11.9
1957-04,1957,4,17.8
1957-05,1957,5,0
1957-06,1957,6,0
1957-07,1957,7,0
1957-08,1957,8,0
1957-09,1957,9,0
1957-10,1957,10,0
1957-11,1957,11,0.5
1957-12,1957,12,11.9
1958-01,1958,1,32.8
1958-02,1958,2,19.6
1958-03,1958,3,10.2
1958-04,1958,4,4.6
1958-05,1958,5,0
1958-06,1958,6,0
1958-07,1958,7,0
1958-08,1958,8,0
1958-09,1958,9,0
1958-10,1958,10,0
1958-11,1958,11,28.2
1958-12,1958,12,25.4
1959-01,1959,1,28.2
1959-02,1959,2,46.7
1959-03,1959,3,36.8
1959-04,1959,4,0
1959-05,1959,5,0.5
1959-06,1959,6,0
1959-07,1959,7,0
1959-08,1959,8,0
1959-09,1959,9,0
1959-10,1959,10,0
1959-11,1959,11,15.5
1959-12,1959,12,21.3
1960-01,1960,1,63.5
1960-02,1960,2,63
1960-03,1960,3,42.4
1960-04,1960,4,5.3
1960-05,1960,5,0
1960-06,1960,6,0
1960-07,1960,7,0
1960-08,1960,8,0
1960-09,1960,9,0
1960-10,1960,10,0
1960-11,1960,11,1.8
1960-12,1960,12,14.7
1961-01,1961,1,26.4
1961-02,1961,2,30.2
1961-03,1961,3,42.2
1961-04,1961,4,15
1961-05,1961,5,0
1961-06,1961,6,0
1961-07,1961,7,0
1961-08,1961,8,0
1961-09,1961,9,0
1961-10,1961,10,0
1961-11,1961,11,3.8
1961-12,1961,12,15.2
1962-01,1962,1,26.7
1962-02,1962,2,62
1962-03,1962,3,2.5
1962-04,1962,4,5.3
1962-05,1962,5,0
1962-06,1962,6,0
1962-07,1962,7,0
1962-08,1962,8,0
1962-09,1962,9,0
1962-10,1962,10,2
1962-11,1962,11,1.8
1962-12,1962,12,24.4
1963-01,1963,1,19.6
1963-02,1963,2,16.3
1963-03,1963,3,20.1
1963-04,1963,4,13.2
1963-05,1963,5,1.8
1963-06,1963,6,0
1963-07,1963,7,0
1963-08,1963,8,0
1963-09,1963,9,0
1963-10,1963,10,0
1963-11,1963,11,1.3
1963-12,1963,12,49.5
1964-01,1964,1,15.7
1964-02,1964,2,33.8
1964-03,1964,3,32.3
1964-04,1964,4,10.2
1964-05,1964,5,0
1964-06,1964,6,0
1964-07,1964,7,0
1964-08,1964,8,0
1964-09,1964,9,0
1964-10,1964,10,0
1964-11,1964,11,3.3
1964-12,1964,12,23.9
1965-01,1965,1,55.4
1965-02,1965,2,41.9
1965-03,1965,3,47
1965-04,1965,4,10.4
1965-05,1965,5,0
1965-06,1965,6,0
1965-07,1965,7,0
1965-08,1965,8,0
1965-09,1965,9,0
1965-10,1965,10,1.3
1965-11,1965,11,3.6
1965-12,1965,12,15
1966-01,1966,1,70.9
1966-02,1966,2,13.5
1966-03,1966,3,13.5
1966-04,1966,4,24.6
1966-05,1966,5,1.3
1966-06,1966,6,0
1966-07,1966,7,0
1966-08,1966,8,0
1966-09,1966,9,0
1966-10,1966,10,0
1966-11,1966,11,9.4
1966-12,1966,12,20.3
1967-01,1967,1,49
1967-02,1967,2,48.3
1967-03,1967,3,28.7
1967-04,1967,4,16.3
1967-05,1967,5,0.5
1967-06,1967,6,0
1967-07,1967,7,0
1967-08,1967,8,0
1967-09,1967,9,0
1967-10,1967,10,0
1967-11,1967,11,2.3
1967-12,1967,12,16
1968-01,1968,1,51.1
1968-02,1968,2,7.6
1968-03,1968,3,39.9
1968-04,1968,4,0
1968-05,1968,5,0
1968-06,1968,6,0
1968-07,1968,7,0
1968-08,1968,8,0
1968-09,1968,9,0
1968-10,1968,10,0
1968-11,1968,11,7.6
1968-12,1968,12,50.5
1969-01,1969,1,15
1969-02,1969,2,14
1969-03,1969,3,9.9
1969-04,1969,4,0
1969-05,1969,5,0
1969-06,1969,6,0
1969-07,1969,7,0
1969-08,1969,8,0
1969-09,1969,9,0
1969-10,1969,10,12.2
1969-11,1969,11,3.8
1969-12,1969,12,34.3
1970-01,1970,1,29.5
1970-02,1970,2,15.5
1970-03,1970,3,16.3
1970-04,1970,4,2.8
1970-05,1970,5,0
1970-06,1970,6,0
1970-07,1970,7,0
1970-08,1970,8,0
1970-09,1970,9,0
1970-10,1970,10,0
1970-11,1970,11,4.6
1970-12,1970,12,67.8
1971-01,1971,1,33.5
1971-02,1971,2,42.2
1971-03,1971,3,38.4
1971-04,1971,4,1.3
1971-05,1971,5,0
1971-06,1971,6,0
1971-07,1971,7,0
1971-08,1971,8,0
1971-09,1971,9,0
1971-10,1971,10,0
1971-11,1971,11,14.7
1971-12,1971,12,33.8
1972-01,1972,1,31
1972-02,1972,2,47.5
1972-03,1972,3,40.9
1972-04,1972,4,11.9
1972-05,1972,5,0
1972-06,1972,6,0
1972-07,1972,7,0
1972-08,1972,8,0
1972-09,1972,9,0
1972-10,1972,10,0
1972-11,1972,11,14.2
1972-12,1972,12,49.5
1973-01,1973,1,10.4
1973-02,1973,2,24.9
1973-03,1973,3,14.2
1973-04,1973,4,1.3
1973-05,1973,5,0
1973-06,1973,6,0
1973-07,1973,7,0
1973-08,1973,8,0
1973-09,1973,9,0
1973-10,1973,10,0
1973-11,1973,11,3
1973-12,1973,12,58.4
1974-01,1974,1,30.5
1974-02,1974,2,25.7
1974-03,1974,3,16.5
1974-04,1974,4,0.8
1974-05,1974,5,0
1974-06,1974,6,0
1974-07,1974,7,0
1974-08,1974,8,0
1974-09,1974,9,0
1974-10,1974,10,0
1974-11,1974,11,1.5
1974-12,1974,12,27.4
1975-01,1975,1,13.2
1975-02,1975,2,29
1975-03,1975,3,26.4
1975-04,1975,4,24.4
1975-05,1975,5,0
1975-06,1975,6,0
1975-07,1975,7,0
1975-08,1975,8,0
1975-09,1975,9,0
1975-10,1975,10,0
1975-11,1975,11,0.8
1975-12,1975,12,64
1976-01,1976,1,53.1
1976-02,1976,2,4.8
1976-03,1976,3,37.8
1976-04,1976,4,10.2
1976-05,1976,5,0
1976-06,1976,6,0
1976-07,1976,7,0
1976-08,1976,8,0
1976-09,1976,9,0
1976-10,1976,10,0
1976-11,1976,11,3
1976-12,1976,12,40.9
1977-01,1977,1,70.8
1977-02,1977,2,6.2
1977-03,1977,3,22.6
1977-04,1977,4,1.9
1977-05,1977,5,0
1977-06,1977,6,0
1977-07,1977,7,0
1977-08,1977,8,0
1977-09,1977,9,0
1977-10,1977,10,0
1977-11,1977,11,5.8
1977-12,1977,12,67.6
1978-01,1978,1,63.4
1978-02,1978,2,28.3
1978-03,1978,3,11.4
1978-04,1978,4,0.8
1978-05,1978,5,0
1978-06,1978,6,0
1978-07,1978,7,0
1978-08,1978,8,0
1978-09,1978,9,0
1978-10,1978,10,0
1978-11,1978,11,13.4
1978-12,1978,12,14.2
1979-01,1979,1,55.4
1979-02,1979,2,26.2
1979-03,1979,3,1.2
1979-04,1979,4,37.6
1979-05,1979,5,0
1979-06,1979,6,0
1979-07,1979,7,0
1979-08,1979,8,0
1979-09,1979,9,0
1979-10,1979,10,0
1979-11,1979,11,0.8
1979-12,1979,12,56.3
1980-01,1980,1,10.8
1980-02,1980,2,14.9
1980-03,1980,3,38.1
1980-04,1980,4,0.2
1980-05,1980,5,0
1980-06,1980,6,0
1980-07,1980,7,0
1980-08,1980,8,0
1980-09,1980,9,0
1980-10,1980,10,0
1980-11,1980,11,10.9
1980-12,1980,12,28.3
1981-01,1981,1,27
1981-02,1981,2,24
1981-03,1981,3,4.1
1981-04,1981,4,0
1981-05,1981,5,0
1981-06,1981,6,0
1981-07,1981,7,0
1981-08,1981,8,0
1981-09,1981,9,0
1981-10,1981,10,0
1981-11,1981,11,0
1981-12,1981,12,24.8
1982-01,1982,1,69.3
1982-02,1982,2,28.8
1982-03,1982,3,29
1982-04,1982,4,7
1982-05,1982,5,0
1982-06,1982,6,0
1982-07,1982,7,0
1982-08,1982,8,0
1982-09,1982,9,0
1982-10,1982,10,0
1982-11,1982,11,2.6
1982-12,1982,12,29.8
1983-01,1983,1,10.8
1983-02,1983,2,9.6
1983-03,1983,3,18.6
1983-04,1983,4,1.6
1983-05,1983,5,0
1983-06,1983,6,0
1983-07,1983,7,0
1983-08,1983,8,0
1983-09,1983,9,0
1983-10,1983,10,0
1983-11,1983,11,18.3
1983-12,1983,12,34.3
1984-01,1984,1,43.7
1984-02,1984,2,47.7
1984-03,1984,3,23
1984-04,1984,4,0
1984-05,1984,5,0
1984-06,1984,6,0
1984-07,1984,7,0
1984-08,1984,8,0
1984-09,1984,9,0
1984-10,1984,10,0
1984-11,1984,11,0.2
1984-12,1984,12,24
1985-01,1985,1,42.4
1985-02,1985,2,47.6
1985-03,1985,3,33.4
1985-04,1985,4,5.4
1985-05,1985,5,0
1985-06,1985,6,0
1985-07,1985,7,0
1985-08,1985,8,0
1985-09,1985,9,0
1985-10,1985,10,0
1985-11,1985,11,13.8
1985-12,1985,12,27.4
1986-01,1986,1,25
1986-02,1986,2,31.2
1986-03,1986,3,15.2
1986-04,1986,4,2.4
1986-05,1986,5,0
1986-06,1986,6,0
1986-07,1986,7,0
1986-08,1986,8,0
1986-09,1986,9,0
1986-10,1986,10,0
1986-11,1986,11,14.4
1986-12,1986,12,23
1987-01,1987,1,67.2
1987-02,1987,2,12.4
1987-03,1987,3,25.5
1987-04,1987,4,4.2
1987-05,1987,5,0
1987-06,1987,6,0
1987-07,1987,7,0
1987-08,1987,8,0
1987-09,1987,9,0
1987-10,1987,10,0
1987-11,1987,11,7
1987-12,1987,12,9.8
1988-01,1988,1,13.4
1988-02,1988,2,56
1988-03,1988,3,6.2
1988-04,1988,4,0
1988-05,1988,5,0
1988-06,1988,6,0
1988-07,1988,7,0
1988-08,1988,8,0
1988-09,1988,9,0
1988-10,1988,10,0
1988-11,1988,11,0
1988-12,1988,12,18.8
1989-01,1989,1,12.6
1989-02,1989,2,29
1989-03,1989,3,19.4
1989-04,1989,4,7.4
1989-05,1989,5,0
1989-06,1989,6,0
1989-07,1989,7,0
1989-08,1989,8,0
1989-09,1989,9,0
1989-10,1989,10,0.2
1989-11,1989,11,15
1989-12,1989,12,42.2
1990-01,1990,1,20.6
1990-02,1990,2,38.8
1990-03,1990,3,7.8
1990-04,1990,4,1.8
1990-05,1990,5,0
1990-06,1990,6,0
1990-07,1990,7,0
1990-08,1990,8,0
1990-09,1990,9,0
1990-10,1990,10,0
1990-11,1990,11,0.6
1990-12,1990,12,30
1991-01,1991,1,32.8
1991-02,1991,2,25.8
1991-03,1991,3,11
1991-04,1991,4,4
1991-05,1991,5,0
1991-06,1991,6,0
1991-07,1991,7,0
1991-08,1991,8,0
1991-09,1991,9,0
1991-10,1991,10,0
1991-11,1991,11,17.8
1991-12,1991,12,38.6
1992-01,1992,1,16.2
1992-02,1992,2,10.2
1992-03,1992,3,12.6
1992-04,1992,4,1
1992-05,1992,5,0
1992-06,1992,6,0
1992-07,1992,7,0
1992-08,1992,8,0
1992-09,1992,9,0
1992-10,1992,10,0
1992-11,1992,11,7.2
1992-12,1992,12,37.4
1993-01,1993,1,37.8
1993-02,1993,2,50.6
1993-03,1993,3,28.2
1993-04,1993,4,1.8
1993-05,1993,5,0
1993-06,1993,6,0
1993-07,1993,7,0
1993-08,1993,8,0
1993-09,1993,9,0
1993-10,1993,10,0
1993-11,1993,11,1.8
1993-12,1993,12,2.8
1994-01,1994,1,75.4
1994-02,1994,2,33.2
1994-03,1994,3,28.8
1994-04,1994,4,10.4
1994-05,1994,5,0
1994-06,1994,6,0
1994-07,1994,7,0
1994-08,1994,8,0
1994-09,1994,9,0
1994-10,1994,10,0
1994-11,1994,11,4
1994-12,1994,12,24.4
1995-01,1995,1,25.2
1995-02,1995,2,14.2
1995-03,1995,3,4.6
1995-04,1995,4,3
1995-05,1995,5,0
1995-06,1995,6,0
1995-07,1995,7,0
1995-08,1995,8,0
1995-09,1995,9,0
1995-10,1995,10,0
1995-11,1995,11,31.2
1995-12,1995,12,26.4
1996-01,1996,1,19
1996-02,1996,2,12.8
1996-03,1996,3,33.6
1996-04,1996,4,19.8
1996-05,1996,5,0
1996-06,1996,6,0
1996-07,1996,7,0
1996-08,1996,8,0
1996-09,1996,9,0
1996-10,1996,10,0
1996-11,1996,11,10
1996-12,1996,12,31.6
1997-01,1997,1,57
1997-02,1997,2,32.2
1997-03,1997,3,39.6
1997-04,1997,4,4
1997-05,1997,5,0
1997-06,1997,6,0
1997-07,1997,7,0
1997-08,1997,8,0
1997-09,1997,9,0
1997-10,1997,10,1.2
1997-11,1997,11,29
1997-12,1997,12,11.8
1998-01,1998,1,38.8
1998-02,1998,2,0.8
1998-03,1998,3,34
1998-04,1998,4,0
1998-05,1998,5,0
1998-06,1998,6,0
1998-07,1998,7,0
1998-08,1998,8,0
1998-09,1998,9,0
1998-10,1998,10,0
1998-11,1998,11,0
1998-12,1998,12,6
1999-01,1999,1,118.4
1999-02,1999,2,5
1999-03,1999,3,25.8
1999-04,1999,4,7
1999-05,1999,5,0
1999-06,1999,6,0
1999-07,1999,7,0
1999-08,1999,8,0
1999-09,1999,9,0
1999-10,1999,10,0
1999-11,1999,11,1.2
1999-12,1999,12,3.8
2000-01,2000,1,20.6
2000-02,2000,2,37.8
2000-03,2000,3,11.8
2000-04,2000,4,7.6
2000-05,2000,5,0
2000-06,2000,6,0
2000-07,2000,7,0
2000-08,2000,8,0
2000-09,2000,9,0
2000-10,2000,10,0
2000-11,2000,11,1.2
2000-12,2000,12,76.2
2001-01,2001,1,15.2
2001-02,2001,2,37.6
2001-03,2001,3,35.4
2001-04,2001,4,0
2001-05,2001,5,0
2001-06,2001,6,0
2001-07,2001,7,0
2001-08,2001,8,0
2001-09,2001,9,0
2001-10,2001,10,0
2001-11,2001,11,0
2001-12,2001,12,10.8
2002-01,2002,1,23
2002-02,2002,2,6
2002-03,2002,3,15
2002-04,2002,4,16.6
2002-05,2002,5,0
2002-06,2002,6,0
2002-07,2002,7,0
2002-08,2002,8,0
2002-09,2002,9,0
2002-10,2002,10,0
2002-11,2002,11,26.6
2002-12,2002,12,13.5
2003-01,2003,1,55.6
2003-02,2003,2,32.4
2003-03,2003,3,24.6
2003-04,2003,4,9.8
2003-05,2003,5,0
2003-06,2003,6,0
2003-07,2003,7,
2003-08,2003,8,
2003-09,2003,9,
2003-10,2003,10,0
2003-11,2003,11,7
2003-12,2003,12,14.4
2004-01,2004,1,64.3
2004-02,2004,2,15.5
2004-03,2004,3,8.9
2004-04,2004,4,0
2004-05,2004,5,
2004-06,2004,6,
2004-07,2004,7,
2004-08,2004,8,
2004-09,2004,9,
2004-10,2004,10,0
2004-11,2004,11,0
2004-12,2004,12,32.6
2005-01,2005,1,27.8
2005-02,2005,2,41.8
2005-03,2005,3,17.8
2005-04,2005,4,19.4
2005-05,2005,5,
2005-06,2005,6,
2005-07,2005,7,
2005-08,2005,8,
2005-09,2005,9,
2005-10,2005,10,0
2005-11,2005,11,8
2005-12,2005,12,32
2006-01,2006,1,7.6
2006-02,2006,2,21.6
2006-03,2006,3,0.8
2006-04,2006,4,0.4
2006-05,2006,5,
2006-06,2006,6,
2006-07,2006,7,
2006-08,2006,8,
2006-09,2006,9,
2006-10,2006,10,0
2006-11,2006,11,0
2006-12,2006,12,0.8
