date,year,month,interval,delta
1881-01-01,1881,Jan,1881-1920,-0.31
1881-02-01,1881,Feb,1881-1920,-0.22
1881-03-01,1881,Mar,1881-1920,-0.04
1881-04-01,1881,Apr,1881-1920,0
1881-05-01,1881,May,1881-1920,0.04
1881-06-01,1881,Jun,1881-1920,-0.32
1881-07-01,1881,Jul,1881-1920,0.08
1881-08-01,1881,Aug,1881-1920,-0.04
1881-09-01,1881,Sep,1881-1920,-0.26
1881-10-01,1881,Oct,1881-1920,-0.43
1881-11-01,1881,Nov,1881-1920,-0.36
1881-12-01,1881,Dec,1881-1920,-0.22
1882-01-01,1882,Jan,1881-1920,0.27
1882-02-01,1882,Feb,1881-1920,0.22
1882-03-01,1882,Mar,1881-1920,0.02
1882-04-01,1882,Apr,1881-1920,-0.32
1882-05-01,1882,May,1881-1920,-0.24
1882-06-01,1882,Jun,1881-1920,-0.29
1882-07-01,1882,Jul,1881-1920,-0.27
1882-08-01,1882,Aug,1881-1920,-0.14
1882-09-01,1882,Sep,1881-1920,-0.24
1882-10-01,1882,Oct,1881-1920,-0.52
1882-11-01,1882,Nov,1881-1920,-0.32
1882-12-01,1882,Dec,1881-1920,-0.67
1883-01-01,1883,Jan,1881-1920,-0.57
1883-02-01,1883,Feb,1881-1920,-0.66
1883-03-01,1883,Mar,1881-1920,-0.15
1883-04-01,1883,Apr,1881-1920,-0.29
1883-05-01,1883,May,1881-1920,-0.24
1883-06-01,1883,Jun,1881-1920,-0.12
1883-07-01,1883,Jul,1881-1920,-0.03
1883-08-01,1883,Aug,1881-1920,-0.21
1883-09-01,1883,Sep,1881-1920,-0.31
1883-10-01,1883,Oct,1881-1920,-0.15
1883-11-01,1883,Nov,1881-1920,-0.42
1883-12-01,1883,Dec,1881-1920,-0.14
1884-01-01,1884,Jan,1881-1920,-0.16
1884-02-01,1884,Feb,1881-1920,-0.08
1884-03-01,1884,Mar,1881-1920,-0.62
1884-04-01,1884,Apr,1881-1920,-0.59
1884-05-01,1884,May,1881-1920,-0.36
1884-06-01,1884,Jun,1881-1920,-0.42
1884-07-01,1884,Jul,1881-1920,-0.42
1884-08-01,1884,Aug,1881-1920,-0.49
1884-09-01,1884,Sep,1881-1920,-0.44
1884-10-01,1884,Oct,1881-1920,-0.44
1884-11-01,1884,Nov,1881-1920,-0.57
1884-12-01,1884,Dec,1881-1920,-0.47
1885-01-01,1885,Jan,1881-1920,-1.01
1885-02-01,1885,Feb,1881-1920,-0.45
1885-03-01,1885,Mar,1881-1920,-0.23
1885-04-01,1885,Apr,1881-1920,-0.48
1885-05-01,1885,May,1881-1920,-0.59
1885-06-01,1885,Jun,1881-1920,-0.44
1885-07-01,1885,Jul,1881-1920,-0.34
1885-08-01,1885,Aug,1881-1920,-0.41
1885-09-01,1885,Sep,1881-1920,-0.4
1885-10-01,1885,Oct,1881-1920,-0.37
1885-11-01,1885,Nov,1881-1920,-0.38
1885-12-01,1885,Dec,1881-1920,-0.11
1886-01-01,1886,Jan,1881-1920,-0.74
1886-02-01,1886,Feb,1881-1920,-0.84
1886-03-01,1886,Mar,1881-1920,-0.72
1886-04-01,1886,Apr,1881-1920,-0.37
1886-05-01,1886,May,1881-1920,-0.34
1886-06-01,1886,Jun,1881-1920,-0.37
1886-07-01,1886,Jul,1881-1920,-0.14
1886-08-01,1886,Aug,1881-1920,-0.43
1886-09-01,1886,Sep,1881-1920,-0.33
1886-10-01,1886,Oct,1881-1920,-0.31
1886-11-01,1886,Nov,1881-1920,-0.39
1886-12-01,1886,Dec,1881-1920,-0.22
1887-01-01,1887,Jan,1881-1920,-1.08
1887-02-01,1887,Feb,1881-1920,-0.7
1887-03-01,1887,Mar,1881-1920,-0.44
1887-04-01,1887,Apr,1881-1920,-0.38
1887-05-01,1887,May,1881-1920,-0.25
1887-06-01,1887,Jun,1881-1920,-0.21
1887-07-01,1887,Jul,1881-1920,-0.24
1887-08-01,1887,Aug,1881-1920,-0.54
1887-09-01,1887,Sep,1881-1920,-0.21
1887-10-01,1887,Oct,1881-1920,-0.49
1887-11-01,1887,Nov,1881-1920,-0.27
1887-12-01,1887,Dec,1881-1920,-0.43
1888-01-01,1888,Jan,1881-1920,-0.49
1888-02-01,1888,Feb,1881-1920,-0.61
1888-03-01,1888,Mar,1881-1920,-0.64
1888-04-01,1888,Apr,1881-1920,-0.22
1888-05-01,1888,May,1881-1920,-0.15
1888-06-01,1888,Jun,1881-1920,-0.03
1888-07-01,1888,Jul,1881-1920,0
1888-08-01,1888,Aug,1881-1920,-0.21
1888-09-01,1888,Sep,1881-1920,-0.19
1888-10-01,1888,Oct,1881-1920,-0.04
1888-11-01,1888,Nov,1881-1920,-0.01
1888-12-01,1888,Dec,1881-1920,-0.24
1889-01-01,1889,Jan,1881-1920,-0.28
1889-02-01,1889,Feb,1881-1920,0.29
1889-03-01,1889,Mar,1881-1920,-0.02
1889-04-01,1889,Apr,1881-1920,0.16
1889-05-01,1889,May,1881-1920,-0.04
1889-06-01,1889,Jun,1881-1920,-0.07
1889-07-01,1889,Jul,1881-1920,-0.09
1889-08-01,1889,Aug,1881-1920,-0.21
1889-09-01,1889,Sep,1881-1920,-0.31
1889-10-01,1889,Oct,1881-1920,-0.42
1889-11-01,1889,Nov,1881-1920,-0.62
1889-12-01,1889,Dec,1881-1920,-0.55
1890-01-01,1890,Jan,1881-1920,-0.63
1890-02-01,1890,Feb,1881-1920,-0.57
1890-03-01,1890,Mar,1881-1920,-0.47
1890-04-01,1890,Apr,1881-1920,-0.25
1890-05-01,1890,May,1881-1920,-0.36
1890-06-01,1890,Jun,1881-1920,-0.16
1890-07-01,1890,Jul,1881-1920,-0.23
1890-08-01,1890,Aug,1881-1920,-0.39
1890-09-01,1890,Sep,1881-1920,-0.35
1890-10-01,1890,Oct,1881-1920,-0.1
1890-11-01,1890,Nov,1881-1920,-0.63
1890-12-01,1890,Dec,1881-1920,-0.47
1891-01-01,1891,Jan,1881-1920,-0.47
1891-02-01,1891,Feb,1881-1920,-0.69
1891-03-01,1891,Mar,1881-1920,-0.16
1891-04-01,1891,Apr,1881-1920,-0.36
1891-05-01,1891,May,1881-1920,-0.16
1891-06-01,1891,Jun,1881-1920,-0.13
1891-07-01,1891,Jul,1881-1920,-0.12
1891-08-01,1891,Aug,1881-1920,-0.13
1891-09-01,1891,Sep,1881-1920,-0.08
1891-10-01,1891,Oct,1881-1920,-0.28
1891-11-01,1891,Nov,1881-1920,-0.53
1891-12-01,1891,Dec,1881-1920,-0.04
1892-01-01,1892,Jan,1881-1920,-0.5
1892-02-01,1892,Feb,1881-1920,-0.16
1892-03-01,1892,Mar,1881-1920,-0.67
1892-04-01,1892,Apr,1881-1920,-0.46
1892-05-01,1892,May,1881-1920,-0.24
1892-06-01,1892,Jun,1881-1920,-0.07
1892-07-01,1892,Jul,1881-1920,-0.38
1892-08-01,1892,Aug,1881-1920,-0.33
1892-09-01,1892,Sep,1881-1920,-0.21
1892-10-01,1892,Oct,1881-1920,-0.28
1892-11-01,1892,Nov,1881-1920,-0.83
1892-12-01,1892,Dec,1881-1920,-0.66
1893-01-01,1893,Jan,1881-1920,-1.52
1893-02-01,1893,Feb,1881-1920,-0.98
1893-03-01,1893,Mar,1881-1920,-0.33
1893-04-01,1893,Apr,1881-1920,-0.3
1893-05-01,1893,May,1881-1920,-0.44
1893-06-01,1893,Jun,1881-1920,-0.19
1893-07-01,1893,Jul,1881-1920,-0.14
1893-08-01,1893,Aug,1881-1920,-0.34
1893-09-01,1893,Sep,1881-1920,-0.29
1893-10-01,1893,Oct,1881-1920,-0.29
1893-11-01,1893,Nov,1881-1920,-0.34
1893-12-01,1893,Dec,1881-1920,-0.61
1894-01-01,1894,Jan,1881-1920,-0.92
1894-02-01,1894,Feb,1881-1920,-0.43
1894-03-01,1894,Mar,1881-1920,-0.22
1894-04-01,1894,Apr,1881-1920,-0.55
1894-05-01,1894,May,1881-1920,-0.27
1894-06-01,1894,Jun,1881-1920,-0.41
1894-07-01,1894,Jul,1881-1920,-0.21
1894-08-01,1894,Aug,1881-1920,-0.27
1894-09-01,1894,Sep,1881-1920,-0.33
1894-10-01,1894,Oct,1881-1920,-0.28
1894-11-01,1894,Nov,1881-1920,-0.48
1894-12-01,1894,Dec,1881-1920,-0.36
1895-01-01,1895,Jan,1881-1920,-0.71
1895-02-01,1895,Feb,1881-1920,-0.81
1895-03-01,1895,Mar,1881-1920,-0.51
1895-04-01,1895,Apr,1881-1920,-0.19
1895-05-01,1895,May,1881-1920,-0.3
1895-06-01,1895,Jun,1881-1920,-0.21
1895-07-01,1895,Jul,1881-1920,-0.19
1895-08-01,1895,Aug,1881-1920,-0.28
1895-09-01,1895,Sep,1881-1920,-0.07
1895-10-01,1895,Oct,1881-1920,-0.1
1895-11-01,1895,Nov,1881-1920,-0.14
1895-12-01,1895,Dec,1881-1920,-0.24
1896-01-01,1896,Jan,1881-1920,-0.37
1896-02-01,1896,Feb,1881-1920,-0.19
1896-03-01,1896,Mar,1881-1920,-0.51
1896-04-01,1896,Apr,1881-1920,-0.61
1896-05-01,1896,May,1881-1920,-0.17
1896-06-01,1896,Jun,1881-1920,0.07
1896-07-01,1896,Jul,1881-1920,-0.01
1896-08-01,1896,Aug,1881-1920,-0.12
1896-09-01,1896,Sep,1881-1920,-0.13
1896-10-01,1896,Oct,1881-1920,0.04
1896-11-01,1896,Nov,1881-1920,-0.22
1896-12-01,1896,Dec,1881-1920,-0.22
1897-01-01,1897,Jan,1881-1920,-0.41
1897-02-01,1897,Feb,1881-1920,-0.43
1897-03-01,1897,Mar,1881-1920,-0.41
1897-04-01,1897,Apr,1881-1920,-0.06
1897-05-01,1897,May,1881-1920,0.12
1897-06-01,1897,Jun,1881-1920,-0.07
1897-07-01,1897,Jul,1881-1920,0.03
1897-08-01,1897,Aug,1881-1920,-0.07
1897-09-01,1897,Sep,1881-1920,-0.07
1897-10-01,1897,Oct,1881-1920,-0.15
1897-11-01,1897,Nov,1881-1920,-0.28
1897-12-01,1897,Dec,1881-1920,-0.28
1898-01-01,1898,Jan,1881-1920,0.05
1898-02-01,1898,Feb,1881-1920,-0.46
1898-03-01,1898,Mar,1881-1920,-0.79
1898-04-01,1898,Apr,1881-1920,-0.28
1898-05-01,1898,May,1881-1920,-0.27
1898-06-01,1898,Jun,1881-1920,-0.08
1898-07-01,1898,Jul,1881-1920,-0.11
1898-08-01,1898,Aug,1881-1920,-0.17
1898-09-01,1898,Sep,1881-1920,-0.17
1898-10-01,1898,Oct,1881-1920,-0.37
1898-11-01,1898,Nov,1881-1920,-0.51
1898-12-01,1898,Dec,1881-1920,-0.27
1899-01-01,1899,Jan,1881-1920,-0.13
1899-02-01,1899,Feb,1881-1920,-0.65
1899-03-01,1899,Mar,1881-1920,-0.59
1899-04-01,1899,Apr,1881-1920,-0.24
1899-05-01,1899,May,1881-1920,-0.25
1899-06-01,1899,Jun,1881-1920,-0.36
1899-07-01,1899,Jul,1881-1920,-0.17
1899-08-01,1899,Aug,1881-1920,-0.07
1899-09-01,1899,Sep,1881-1920,-0.06
1899-10-01,1899,Oct,1881-1920,0.04
1899-11-01,1899,Nov,1881-1920,0.36
1899-12-01,1899,Dec,1881-1920,-0.47
1900-01-01,1900,Jan,1881-1920,-0.62
1900-02-01,1900,Feb,1881-1920,-0.15
1900-03-01,1900,Mar,1881-1920,0.05
1900-04-01,1900,Apr,1881-1920,-0.1
1900-05-01,1900,May,1881-1920,-0.04
1900-06-01,1900,Jun,1881-1920,-0.1
1900-07-01,1900,Jul,1881-1920,-0.12
1900-08-01,1900,Aug,1881-1920,-0.09
1900-09-01,1900,Sep,1881-1920,-0.03
1900-10-01,1900,Oct,1881-1920,0.23
1900-11-01,1900,Nov,1881-1920,-0.12
1900-12-01,1900,Dec,1881-1920,-0.03
1901-01-01,1901,Jan,1881-1920,-0.33
1901-02-01,1901,Feb,1881-1920,-0.1
1901-03-01,1901,Mar,1881-1920,0.27
1901-04-01,1901,Apr,1881-1920,0.11
1901-05-01,1901,May,1881-1920,-0.12
1901-06-01,1901,Jun,1881-1920,0
1901-07-01,1901,Jul,1881-1920,0
1901-08-01,1901,Aug,1881-1920,-0.17
1901-09-01,1901,Sep,1881-1920,-0.28
1901-10-01,1901,Oct,1881-1920,-0.33
1901-11-01,1901,Nov,1881-1920,-0.23
1901-12-01,1901,Dec,1881-1920,-0.42
1902-01-01,1902,Jan,1881-1920,-0.18
1902-02-01,1902,Feb,1881-1920,0.01
1902-03-01,1902,Mar,1881-1920,-0.39
1902-04-01,1902,Apr,1881-1920,-0.4
1902-05-01,1902,May,1881-1920,-0.4
1902-06-01,1902,Jun,1881-1920,-0.37
1902-07-01,1902,Jul,1881-1920,-0.34
1902-08-01,1902,Aug,1881-1920,-0.29
1902-09-01,1902,Sep,1881-1920,-0.34
1902-10-01,1902,Oct,1881-1920,-0.31
1902-11-01,1902,Nov,1881-1920,-0.46
1902-12-01,1902,Dec,1881-1920,-0.61
1903-01-01,1903,Jan,1881-1920,-0.23
1903-02-01,1903,Feb,1881-1920,0.11
1903-03-01,1903,Mar,1881-1920,-0.16
1903-04-01,1903,Apr,1881-1920,-0.47
1903-05-01,1903,May,1881-1920,-0.43
1903-06-01,1903,Jun,1881-1920,-0.45
1903-07-01,1903,Jul,1881-1920,-0.45
1903-08-01,1903,Aug,1881-1920,-0.56
1903-09-01,1903,Sep,1881-1920,-0.5
1903-10-01,1903,Oct,1881-1920,-0.5
1903-11-01,1903,Nov,1881-1920,-0.43
1903-12-01,1903,Dec,1881-1920,-0.57
1904-01-01,1904,Jan,1881-1920,-0.78
1904-02-01,1904,Feb,1881-1920,-0.6
1904-03-01,1904,Mar,1881-1920,-0.42
1904-04-01,1904,Apr,1881-1920,-0.51
1904-05-01,1904,May,1881-1920,-0.44
1904-06-01,1904,Jun,1881-1920,-0.49
1904-07-01,1904,Jul,1881-1920,-0.59
1904-08-01,1904,Aug,1881-1920,-0.54
1904-09-01,1904,Sep,1881-1920,-0.64
1904-10-01,1904,Oct,1881-1920,-0.39
1904-11-01,1904,Nov,1881-1920,-0.09
1904-12-01,1904,Dec,1881-1920,-0.35
1905-01-01,1905,Jan,1881-1920,-0.43
1905-02-01,1905,Feb,1881-1920,-0.83
1905-03-01,1905,Mar,1881-1920,-0.24
1905-04-01,1905,Apr,1881-1920,-0.46
1905-05-01,1905,May,1881-1920,-0.3
1905-06-01,1905,Jun,1881-1920,-0.28
1905-07-01,1905,Jul,1881-1920,-0.22
1905-08-01,1905,Aug,1881-1920,-0.24
1905-09-01,1905,Sep,1881-1920,-0.2
1905-10-01,1905,Oct,1881-1920,-0.27
1905-11-01,1905,Nov,1881-1920,0.08
1905-12-01,1905,Dec,1881-1920,-0.18
1906-01-01,1906,Jan,1881-1920,-0.56
1906-02-01,1906,Feb,1881-1920,-0.54
1906-03-01,1906,Mar,1881-1920,-0.21
1906-04-01,1906,Apr,1881-1920,0.03
1906-05-01,1906,May,1881-1920,-0.25
1906-06-01,1906,Jun,1881-1920,-0.11
1906-07-01,1906,Jul,1881-1920,-0.27
1906-08-01,1906,Aug,1881-1920,-0.17
1906-09-01,1906,Sep,1881-1920,-0.25
1906-10-01,1906,Oct,1881-1920,-0.18
1906-11-01,1906,Nov,1881-1920,-0.41
1906-12-01,1906,Dec,1881-1920,0.02
1907-01-01,1907,Jan,1881-1920,-0.59
1907-02-01,1907,Feb,1881-1920,-0.73
1907-03-01,1907,Mar,1881-1920,-0.31
1907-04-01,1907,Apr,1881-1920,-0.46
1907-05-01,1907,May,1881-1920,-0.59
1907-06-01,1907,Jun,1881-1920,-0.52
1907-07-01,1907,Jul,1881-1920,-0.41
1907-08-01,1907,Aug,1881-1920,-0.39
1907-09-01,1907,Sep,1881-1920,-0.41
1907-10-01,1907,Oct,1881-1920,-0.2
1907-11-01,1907,Nov,1881-1920,-0.56
1907-12-01,1907,Dec,1881-1920,-0.58
1908-01-01,1908,Jan,1881-1920,-0.55
1908-02-01,1908,Feb,1881-1920,-0.28
1908-03-01,1908,Mar,1881-1920,-0.71
1908-04-01,1908,Apr,1881-1920,-0.49
1908-05-01,1908,May,1881-1920,-0.3
1908-06-01,1908,Jun,1881-1920,-0.31
1908-07-01,1908,Jul,1881-1920,-0.36
1908-08-01,1908,Aug,1881-1920,-0.57
1908-09-01,1908,Sep,1881-1920,-0.32
1908-10-01,1908,Oct,1881-1920,-0.46
1908-11-01,1908,Nov,1881-1920,-0.63
1908-12-01,1908,Dec,1881-1920,-0.56
1909-01-01,1909,Jan,1881-1920,-0.94
1909-02-01,1909,Feb,1881-1920,-0.46
1909-03-01,1909,Mar,1881-1920,-0.68
1909-04-01,1909,Apr,1881-1920,-0.66
1909-05-01,1909,May,1881-1920,-0.5
1909-06-01,1909,Jun,1881-1920,-0.52
1909-07-01,1909,Jul,1881-1920,-0.45
1909-08-01,1909,Aug,1881-1920,-0.35
1909-09-01,1909,Sep,1881-1920,-0.38
1909-10-01,1909,Oct,1881-1920,-0.34
1909-11-01,1909,Nov,1881-1920,-0.12
1909-12-01,1909,Dec,1881-1920,-0.58
1910-01-01,1910,Jan,1881-1920,-0.35
1910-02-01,1910,Feb,1881-1920,-0.4
1910-03-01,1910,Mar,1881-1920,-0.51
1910-04-01,1910,Apr,1881-1920,-0.42
1910-05-01,1910,May,1881-1920,-0.31
1910-06-01,1910,Jun,1881-1920,-0.47
1910-07-01,1910,Jul,1881-1920,-0.39
1910-08-01,1910,Aug,1881-1920,-0.41
1910-09-01,1910,Sep,1881-1920,-0.44
1910-10-01,1910,Oct,1881-1920,-0.32
1910-11-01,1910,Nov,1881-1920,-0.59
1910-12-01,1910,Dec,1881-1920,-0.82
1911-01-01,1911,Jan,1881-1920,-0.71
1911-02-01,1911,Feb,1881-1920,-0.59
1911-03-01,1911,Mar,1881-1920,-0.65
1911-04-01,1911,Apr,1881-1920,-0.46
1911-05-01,1911,May,1881-1920,-0.45
1911-06-01,1911,Jun,1881-1920,-0.34
1911-07-01,1911,Jul,1881-1920,-0.37
1911-08-01,1911,Aug,1881-1920,-0.44
1911-09-01,1911,Sep,1881-1920,-0.38
1911-10-01,1911,Oct,1881-1920,-0.2
1911-11-01,1911,Nov,1881-1920,-0.2
1911-12-01,1911,Dec,1881-1920,-0.3
1912-01-01,1912,Jan,1881-1920,-0.35
1912-02-01,1912,Feb,1881-1920,-0.17
1912-03-01,1912,Mar,1881-1920,-0.61
1912-04-01,1912,Apr,1881-1920,-0.16
1912-05-01,1912,May,1881-1920,-0.12
1912-06-01,1912,Jun,1881-1920,-0.14
1912-07-01,1912,Jul,1881-1920,-0.52
1912-08-01,1912,Aug,1881-1920,-0.77
1912-09-01,1912,Sep,1881-1920,-0.81
1912-10-01,1912,Oct,1881-1920,-0.85
1912-11-01,1912,Nov,1881-1920,-0.51
1912-12-01,1912,Dec,1881-1920,-0.57
1913-01-01,1913,Jan,1881-1920,-0.57
1913-02-01,1913,Feb,1881-1920,-0.65
1913-03-01,1913,Mar,1881-1920,-0.48
1913-04-01,1913,Apr,1881-1920,-0.51
1913-05-01,1913,May,1881-1920,-0.55
1913-06-01,1913,Jun,1881-1920,-0.5
1913-07-01,1913,Jul,1881-1920,-0.52
1913-08-01,1913,Aug,1881-1920,-0.47
1913-09-01,1913,Sep,1881-1920,-0.43
1913-10-01,1913,Oct,1881-1920,-0.4
1913-11-01,1913,Nov,1881-1920,-0.15
1913-12-01,1913,Dec,1881-1920,0.1
1914-01-01,1914,Jan,1881-1920,0.17
1914-02-01,1914,Feb,1881-1920,-0.11
1914-03-01,1914,Mar,1881-1920,-0.36
1914-04-01,1914,Apr,1881-1920,-0.39
1914-05-01,1914,May,1881-1920,-0.19
1914-06-01,1914,Jun,1881-1920,-0.23
1914-07-01,1914,Jul,1881-1920,-0.34
1914-08-01,1914,Aug,1881-1920,-0.28
1914-09-01,1914,Sep,1881-1920,-0.3
1914-10-01,1914,Oct,1881-1920,-0.01
1914-11-01,1914,Nov,1881-1920,-0.22
1914-12-01,1914,Dec,1881-1920,-0.06
1915-01-01,1915,Jan,1881-1920,-0.27
1915-02-01,1915,Feb,1881-1920,-0.09
1915-03-01,1915,Mar,1881-1920,-0.24
1915-04-01,1915,Apr,1881-1920,0.07
1915-05-01,1915,May,1881-1920,-0.02
1915-06-01,1915,Jun,1881-1920,-0.13
1915-07-01,1915,Jul,1881-1920,-0.09
1915-08-01,1915,Aug,1881-1920,-0.16
1915-09-01,1915,Sep,1881-1920,-0.22
1915-10-01,1915,Oct,1881-1920,-0.28
1915-11-01,1915,Nov,1881-1920,-0.04
1915-12-01,1915,Dec,1881-1920,-0.26
1916-01-01,1916,Jan,1881-1920,-0.1
1916-02-01,1916,Feb,1881-1920,-0.17
1916-03-01,1916,Mar,1881-1920,-0.4
1916-04-01,1916,Apr,1881-1920,-0.35
1916-05-01,1916,May,1881-1920,-0.37
1916-06-01,1916,Jun,1881-1920,-0.51
1916-07-01,1916,Jul,1881-1920,-0.34
1916-08-01,1916,Aug,1881-1920,-0.38
1916-09-01,1916,Sep,1881-1920,-0.5
1916-10-01,1916,Oct,1881-1920,-0.36
1916-11-01,1916,Nov,1881-1920,-0.47
1916-12-01,1916,Dec,1881-1920,-1.15
1917-01-01,1917,Jan,1881-1920,-0.55
1917-02-01,1917,Feb,1881-1920,-0.7
1917-03-01,1917,Mar,1881-1920,-0.76
1917-04-01,1917,Apr,1881-1920,-0.66
1917-05-01,1917,May,1881-1920,-0.74
1917-06-01,1917,Jun,1881-1920,-0.5
1917-07-01,1917,Jul,1881-1920,-0.33
1917-08-01,1917,Aug,1881-1920,-0.4
1917-09-01,1917,Sep,1881-1920,-0.32
1917-10-01,1917,Oct,1881-1920,-0.64
1917-11-01,1917,Nov,1881-1920,-0.33
1917-12-01,1917,Dec,1881-1920,-1.06
1918-01-01,1918,Jan,1881-1920,-0.7
1918-02-01,1918,Feb,1881-1920,-0.47
1918-03-01,1918,Mar,1881-1920,-0.26
1918-04-01,1918,Apr,1881-1920,-0.6
1918-05-01,1918,May,1881-1920,-0.5
1918-06-01,1918,Jun,1881-1920,-0.46
1918-07-01,1918,Jul,1881-1920,-0.35
1918-08-01,1918,Aug,1881-1920,-0.38
1918-09-01,1918,Sep,1881-1920,-0.26
1918-10-01,1918,Oct,1881-1920,-0.05
1918-11-01,1918,Nov,1881-1920,-0.22
1918-12-01,1918,Dec,1881-1920,-0.57
1919-01-01,1919,Jan,1881-1920,-0.39
1919-02-01,1919,Feb,1881-1920,-0.42
1919-03-01,1919,Mar,1881-1920,-0.39
1919-04-01,1919,Apr,1881-1920,-0.25
1919-05-01,1919,May,1881-1920,-0.43
1919-06-01,1919,Jun,1881-1920,-0.4
1919-07-01,1919,Jul,1881-1920,-0.34
1919-08-01,1919,Aug,1881-1920,-0.31
1919-09-01,1919,Sep,1881-1920,-0.2
1919-10-01,1919,Oct,1881-1920,-0.1
1919-11-01,1919,Nov,1881-1920,-0.48
1919-12-01,1919,Dec,1881-1920,-0.56
1920-01-01,1920,Jan,1881-1920,-0.16
1920-02-01,1920,Feb,1881-1920,-0.3
1920-03-01,1920,Mar,1881-1920,-0.01
1920-04-01,1920,Apr,1881-1920,-0.22
1920-05-01,1920,May,1881-1920,-0.22
1920-06-01,1920,Jun,1881-1920,-0.27
1920-07-01,1920,Jul,1881-1920,-0.26
1920-08-01,1920,Aug,1881-1920,-0.33
1920-09-01,1920,Sep,1881-1920,-0.36
1920-10-01,1920,Oct,1881-1920,-0.41
1920-11-01,1920,Nov,1881-1920,-0.46
1920-12-01,1920,Dec,1881-1920,-0.72
1921-01-01,1921,Jan,1921-1950,0.17
1921-02-01,1921,Feb,1921-1950,-0.1
1921-03-01,1921,Mar,1921-1950,-0.13
1921-04-01,1921,Apr,1921-1950,-0.18
1921-05-01,1921,May,1921-1950,-0.26
1921-06-01,1921,Jun,1921-1950,-0.16
1921-07-01,1921,Jul,1921-1950,-0.04
1921-08-01,1921,Aug,1921-1950,-0.3
1921-09-01,1921,Sep,1921-1950,-0.19
1921-10-01,1921,Oct,1921-1950,-0.01
1921-11-01,1921,Nov,1921-1950,-0.1
1921-12-01,1921,Dec,1921-1950,-0.14
1922-01-01,1922,Jan,1921-1950,-0.38
1922-02-01,1922,Feb,1921-1950,-0.63
1922-03-01,1922,Mar,1921-1950,-0.12
1922-04-01,1922,Apr,1921-1950,-0.17
1922-05-01,1922,May,1921-1950,-0.2
1922-06-01,1922,Jun,1921-1950,-0.16
1922-07-01,1922,Jul,1921-1950,-0.29
1922-08-01,1922,Aug,1921-1950,-0.37
1922-09-01,1922,Sep,1921-1950,-0.44
1922-10-01,1922,Oct,1921-1950,-0.33
1922-11-01,1922,Nov,1921-1950,-0.14
1922-12-01,1922,Dec,1921-1950,-0.15
1923-01-01,1923,Jan,1921-1950,-0.19
1923-02-01,1923,Feb,1921-1950,-0.47
1923-03-01,1923,Mar,1921-1950,-0.4
1923-04-01,1923,Apr,1921-1950,-0.53
1923-05-01,1923,May,1921-1950,-0.4
1923-06-01,1923,Jun,1921-1950,-0.25
1923-07-01,1923,Jul,1921-1950,-0.29
1923-08-01,1923,Aug,1921-1950,-0.28
1923-09-01,1923,Sep,1921-1950,-0.18
1923-10-01,1923,Oct,1921-1950,0.06
1923-11-01,1923,Nov,1921-1950,0.15
1923-12-01,1923,Dec,1921-1950,0.09
1924-01-01,1924,Jan,1921-1950,-0.29
1924-02-01,1924,Feb,1921-1950,-0.22
1924-03-01,1924,Mar,1921-1950,0.02
1924-04-01,1924,Apr,1921-1950,-0.29
1924-05-01,1924,May,1921-1950,-0.06
1924-06-01,1924,Jun,1921-1950,-0.2
1924-07-01,1924,Jul,1921-1950,-0.22
1924-08-01,1924,Aug,1921-1950,-0.27
1924-09-01,1924,Sep,1921-1950,-0.23
1924-10-01,1924,Oct,1921-1950,-0.24
1924-11-01,1924,Nov,1921-1950,0.1
1924-12-01,1924,Dec,1921-1950,-0.37
1925-01-01,1925,Jan,1921-1950,-0.29
1925-02-01,1925,Feb,1921-1950,-0.39
1925-03-01,1925,Mar,1921-1950,-0.24
1925-04-01,1925,Apr,1921-1950,-0.16
1925-05-01,1925,May,1921-1950,-0.22
1925-06-01,1925,Jun,1921-1950,-0.25
1925-07-01,1925,Jul,1921-1950,-0.26
1925-08-01,1925,Aug,1921-1950,-0.19
1925-09-01,1925,Sep,1921-1950,-0.05
1925-10-01,1925,Oct,1921-1950,-0.09
1925-11-01,1925,Nov,1921-1950,0.21
1925-12-01,1925,Dec,1921-1950,0.22
1926-01-01,1926,Jan,1921-1950,0.52
1926-02-01,1926,Feb,1921-1950,0.18
1926-03-01,1926,Mar,1921-1950,0.37
1926-04-01,1926,Apr,1921-1950,-0.12
1926-05-01,1926,May,1921-1950,-0.23
1926-06-01,1926,Jun,1921-1950,-0.2
1926-07-01,1926,Jul,1921-1950,-0.2
1926-08-01,1926,Aug,1921-1950,-0.06
1926-09-01,1926,Sep,1921-1950,-0.02
1926-10-01,1926,Oct,1921-1950,0.07
1926-11-01,1926,Nov,1921-1950,0.16
1926-12-01,1926,Dec,1921-1950,-0.3
1927-01-01,1927,Jan,1921-1950,-0.29
1927-02-01,1927,Feb,1921-1950,-0.09
1927-03-01,1927,Mar,1921-1950,-0.47
1927-04-01,1927,Apr,1921-1950,-0.27
1927-05-01,1927,May,1921-1950,-0.13
1927-06-01,1927,Jun,1921-1950,-0.14
1927-07-01,1927,Jul,1921-1950,-0.08
1927-08-01,1927,Aug,1921-1950,-0.16
1927-09-01,1927,Sep,1921-1950,0.02
1927-10-01,1927,Oct,1921-1950,0.24
1927-11-01,1927,Nov,1921-1950,0.09
1927-12-01,1927,Dec,1921-1950,-0.38
1928-01-01,1928,Jan,1921-1950,0.26
1928-02-01,1928,Feb,1921-1950,0.09
1928-03-01,1928,Mar,1921-1950,-0.24
1928-04-01,1928,Apr,1921-1950,-0.32
1928-05-01,1928,May,1921-1950,-0.18
1928-06-01,1928,Jun,1921-1950,-0.32
1928-07-01,1928,Jul,1921-1950,-0.11
1928-08-01,1928,Aug,1921-1950,-0.19
1928-09-01,1928,Sep,1921-1950,-0.16
1928-10-01,1928,Oct,1921-1950,-0.09
1928-11-01,1928,Nov,1921-1950,0.05
1928-12-01,1928,Dec,1921-1950,-0.04
1929-01-01,1929,Jan,1921-1950,-0.56
1929-02-01,1929,Feb,1921-1950,-0.8
1929-03-01,1929,Mar,1921-1950,-0.19
1929-04-01,1929,Apr,1921-1950,-0.36
1929-05-01,1929,May,1921-1950,-0.28
1929-06-01,1929,Jun,1921-1950,-0.4
1929-07-01,1929,Jul,1921-1950,-0.36
1929-08-01,1929,Aug,1921-1950,-0.2
1929-09-01,1929,Sep,1921-1950,-0.2
1929-10-01,1929,Oct,1921-1950,-0.02
1929-11-01,1929,Nov,1921-1950,-0.03
1929-12-01,1929,Dec,1921-1950,-0.66
1930-01-01,1930,Jan,1921-1950,-0.11
1930-02-01,1930,Feb,1921-1950,-0.2
1930-03-01,1930,Mar,1921-1950,0.1
1930-04-01,1930,Apr,1921-1950,-0.16
1930-05-01,1930,May,1921-1950,-0.2
1930-06-01,1930,Jun,1921-1950,-0.12
1930-07-01,1930,Jul,1921-1950,-0.03
1930-08-01,1930,Aug,1921-1950,0.01
1930-09-01,1930,Sep,1921-1950,-0.02
1930-10-01,1930,Oct,1921-1950,0.02
1930-11-01,1930,Nov,1921-1950,0.44
1930-12-01,1930,Dec,1921-1950,0.08
1931-01-01,1931,Jan,1921-1950,0
1931-02-01,1931,Feb,1921-1950,-0.24
1931-03-01,1931,Mar,1921-1950,-0.06
1931-04-01,1931,Apr,1921-1950,-0.2
1931-05-01,1931,May,1921-1950,-0.14
1931-06-01,1931,Jun,1921-1950,0.15
1931-07-01,1931,Jul,1921-1950,0.08
1931-08-01,1931,Aug,1921-1950,0.09
1931-09-01,1931,Sep,1921-1950,0.17
1931-10-01,1931,Oct,1921-1950,0.36
1931-11-01,1931,Nov,1921-1950,0.25
1931-12-01,1931,Dec,1921-1950,0.1
1932-01-01,1932,Jan,1921-1950,0.38
1932-02-01,1932,Feb,1921-1950,-0.19
1932-03-01,1932,Mar,1921-1950,-0.21
1932-04-01,1932,Apr,1921-1950,0.1
1932-05-01,1932,May,1921-1950,-0.1
1932-06-01,1932,Jun,1921-1950,-0.14
1932-07-01,1932,Jul,1921-1950,-0.15
1932-08-01,1932,Aug,1921-1950,-0.09
1932-09-01,1932,Sep,1921-1950,0.1
1932-10-01,1932,Oct,1921-1950,0.14
1932-11-01,1932,Nov,1921-1950,-0.33
1932-12-01,1932,Dec,1921-1950,-0.21
1933-01-01,1933,Jan,1921-1950,-0.19
1933-02-01,1933,Feb,1921-1950,-0.3
1933-03-01,1933,Mar,1921-1950,-0.32
1933-04-01,1933,Apr,1921-1950,-0.17
1933-05-01,1933,May,1921-1950,-0.26
1933-06-01,1933,Jun,1921-1950,-0.32
1933-07-01,1933,Jul,1921-1950,-0.14
1933-08-01,1933,Aug,1921-1950,-0.15
1933-09-01,1933,Sep,1921-1950,-0.28
1933-10-01,1933,Oct,1921-1950,-0.17
1933-11-01,1933,Nov,1921-1950,-0.25
1933-12-01,1933,Dec,1921-1950,-0.55
1934-01-01,1934,Jan,1921-1950,-0.15
1934-02-01,1934,Feb,1921-1950,0.33
1934-03-01,1934,Mar,1921-1950,-0.27
1934-04-01,1934,Apr,1921-1950,-0.29
1934-05-01,1934,May,1921-1950,0.08
1934-06-01,1934,Jun,1921-1950,-0.01
1934-07-01,1934,Jul,1921-1950,-0.04
1934-08-01,1934,Aug,1921-1950,-0.1
1934-09-01,1934,Sep,1921-1950,-0.14
1934-10-01,1934,Oct,1921-1950,0.13
1934-11-01,1934,Nov,1921-1950,0.27
1934-12-01,1934,Dec,1921-1950,0.18
1935-01-01,1935,Jan,1921-1950,-0.39
1935-02-01,1935,Feb,1921-1950,0.57
1935-03-01,1935,Mar,1921-1950,0.04
1935-04-01,1935,Apr,1921-1950,-0.35
1935-05-01,1935,May,1921-1950,-0.29
1935-06-01,1935,Jun,1921-1950,-0.15
1935-07-01,1935,Jul,1921-1950,-0.04
1935-08-01,1935,Aug,1921-1950,-0.06
1935-09-01,1935,Sep,1921-1950,-0.06
1935-10-01,1935,Oct,1921-1950,0.11
1935-11-01,1935,Nov,1921-1950,-0.32
1935-12-01,1935,Dec,1921-1950,-0.17
1936-01-01,1936,Jan,1921-1950,-0.28
1936-02-01,1936,Feb,1921-1950,-0.5
1936-03-01,1936,Mar,1921-1950,-0.12
1936-04-01,1936,Apr,1921-1950,-0.06
1936-05-01,1936,May,1921-1950,-0.01
1936-06-01,1936,Jun,1921-1950,0.04
1936-07-01,1936,Jul,1921-1950,0.08
1936-08-01,1936,Aug,1921-1950,0.03
1936-09-01,1936,Sep,1921-1950,0.07
1936-10-01,1936,Oct,1921-1950,0.07
1936-11-01,1936,Nov,1921-1950,0.15
1936-12-01,1936,Dec,1921-1950,0.15
1937-01-01,1937,Jan,1921-1950,0.08
1937-02-01,1937,Feb,1921-1950,0.25
1937-03-01,1937,Mar,1921-1950,-0.23
1937-04-01,1937,Apr,1921-1950,-0.07
1937-05-01,1937,May,1921-1950,0.13
1937-06-01,1937,Jun,1921-1950,0.15
1937-07-01,1937,Jul,1921-1950,0.15
1937-08-01,1937,Aug,1921-1950,0.16
1937-09-01,1937,Sep,1921-1950,0.29
1937-10-01,1937,Oct,1921-1950,0.33
1937-11-01,1937,Nov,1921-1950,0.25
1937-12-01,1937,Dec,1921-1950,0
1938-01-01,1938,Jan,1921-1950,0.35
1938-02-01,1938,Feb,1921-1950,0.28
1938-03-01,1938,Mar,1921-1950,0.34
1938-04-01,1938,Apr,1921-1950,0.31
1938-05-01,1938,May,1921-1950,0.03
1938-06-01,1938,Jun,1921-1950,-0.06
1938-07-01,1938,Jul,1921-1950,-0.02
1938-08-01,1938,Aug,1921-1950,0.08
1938-09-01,1938,Sep,1921-1950,0.15
1938-10-01,1938,Oct,1921-1950,0.32
1938-11-01,1938,Nov,1921-1950,0.31
1938-12-01,1938,Dec,1921-1950,-0.13
1939-01-01,1939,Jan,1921-1950,0.03
1939-02-01,1939,Feb,1921-1950,-0.01
1939-03-01,1939,Mar,1921-1950,-0.24
1939-04-01,1939,Apr,1921-1950,-0.07
1939-05-01,1939,May,1921-1950,0.01
1939-06-01,1939,Jun,1921-1950,0
1939-07-01,1939,Jul,1921-1950,0.05
1939-08-01,1939,Aug,1921-1950,0.09
1939-09-01,1939,Sep,1921-1950,0.13
1939-10-01,1939,Oct,1921-1950,0.08
1939-11-01,1939,Nov,1921-1950,0.24
1939-12-01,1939,Dec,1921-1950,0.79
1940-01-01,1940,Jan,1921-1950,-0.1
1940-02-01,1940,Feb,1921-1950,0.14
1940-03-01,1940,Mar,1921-1950,0.03
1940-04-01,1940,Apr,1921-1950,0.28
1940-05-01,1940,May,1921-1950,0.16
1940-06-01,1940,Jun,1921-1950,0.16
1940-07-01,1940,Jul,1921-1950,0.15
1940-08-01,1940,Aug,1921-1950,0.07
1940-09-01,1940,Sep,1921-1950,0.27
1940-10-01,1940,Oct,1921-1950,0.29
1940-11-01,1940,Nov,1921-1950,0.3
1940-12-01,1940,Dec,1921-1950,0.36
1941-01-01,1941,Jan,1921-1950,0.18
1941-02-01,1941,Feb,1921-1950,0.47
1941-03-01,1941,Mar,1921-1950,0.12
1941-04-01,1941,Apr,1921-1950,0.13
1941-05-01,1941,May,1921-1950,0.24
1941-06-01,1941,Jun,1921-1950,0.21
1941-07-01,1941,Jul,1921-1950,0.25
1941-08-01,1941,Aug,1921-1950,0.19
1941-09-01,1941,Sep,1921-1950,0.1
1941-10-01,1941,Oct,1921-1950,0.5
1941-11-01,1941,Nov,1921-1950,0.18
1941-12-01,1941,Dec,1921-1950,0.19
1942-01-01,1942,Jan,1921-1950,0.41
1942-02-01,1942,Feb,1921-1950,-0.08
1942-03-01,1942,Mar,1921-1950,-0.01
1942-04-01,1942,Apr,1921-1950,0.09
1942-05-01,1942,May,1921-1950,0.16
1942-06-01,1942,Jun,1921-1950,0.11
1942-07-01,1942,Jul,1921-1950,0
1942-08-01,1942,Aug,1921-1950,-0.08
1942-09-01,1942,Sep,1921-1950,0.11
1942-10-01,1942,Oct,1921-1950,0.28
1942-11-01,1942,Nov,1921-1950,0.26
1942-12-01,1942,Dec,1921-1950,0.27
1943-01-01,1943,Jan,1921-1950,-0.09
1943-02-01,1943,Feb,1921-1950,0.38
1943-03-01,1943,Mar,1921-1950,0
1943-04-01,1943,Apr,1921-1950,0.31
1943-05-01,1943,May,1921-1950,0.23
1943-06-01,1943,Jun,1921-1950,-0.07
1943-07-01,1943,Jul,1921-1950,-0.02
1943-08-01,1943,Aug,1921-1950,0.1
1943-09-01,1943,Sep,1921-1950,0.13
1943-10-01,1943,Oct,1921-1950,0.46
1943-11-01,1943,Nov,1921-1950,0.36
1943-12-01,1943,Dec,1921-1950,0.37
1944-01-01,1944,Jan,1921-1950,0.62
1944-02-01,1944,Feb,1921-1950,0.43
1944-03-01,1944,Mar,1921-1950,0.31
1944-04-01,1944,Apr,1921-1950,0.18
1944-05-01,1944,May,1921-1950,0.23
1944-06-01,1944,Jun,1921-1950,0.17
1944-07-01,1944,Jul,1921-1950,0.14
1944-08-01,1944,Aug,1921-1950,0.16
1944-09-01,1944,Sep,1921-1950,0.35
1944-10-01,1944,Oct,1921-1950,0.44
1944-11-01,1944,Nov,1921-1950,0.19
1944-12-01,1944,Dec,1921-1950,-0.01
1945-01-01,1945,Jan,1921-1950,0.11
1945-02-01,1945,Feb,1921-1950,-0.06
1945-03-01,1945,Mar,1921-1950,0.09
1945-04-01,1945,Apr,1921-1950,0.29
1945-05-01,1945,May,1921-1950,0.08
1945-06-01,1945,Jun,1921-1950,0.08
1945-07-01,1945,Jul,1921-1950,0.06
1945-08-01,1945,Aug,1921-1950,0.28
1945-09-01,1945,Sep,1921-1950,0.2
1945-10-01,1945,Oct,1921-1950,0.24
1945-11-01,1945,Nov,1921-1950,0.08
1945-12-01,1945,Dec,1921-1950,-0.21
1946-01-01,1946,Jan,1921-1950,0.34
1946-02-01,1946,Feb,1921-1950,0.09
1946-03-01,1946,Mar,1921-1950,0.12
1946-04-01,1946,Apr,1921-1950,0.32
1946-05-01,1946,May,1921-1950,0.03
1946-06-01,1946,Jun,1921-1950,-0.05
1946-07-01,1946,Jul,1921-1950,-0.04
1946-08-01,1946,Aug,1921-1950,-0.1
1946-09-01,1946,Sep,1921-1950,-0.04
1946-10-01,1946,Oct,1921-1950,0.02
1946-11-01,1946,Nov,1921-1950,0.07
1946-12-01,1946,Dec,1921-1950,-0.45
1947-01-01,1947,Jan,1921-1950,-0.04
1947-02-01,1947,Feb,1921-1950,-0.04
1947-03-01,1947,Mar,1921-1950,0.29
1947-04-01,1947,Apr,1921-1950,0.23
1947-05-01,1947,May,1921-1950,0.07
1947-06-01,1947,Jun,1921-1950,0
1947-07-01,1947,Jul,1921-1950,-0.03
1947-08-01,1947,Aug,1921-1950,-0.04
1947-09-01,1947,Sep,1921-1950,-0.01
1947-10-01,1947,Oct,1921-1950,0.4
1947-11-01,1947,Nov,1921-1950,0.19
1947-12-01,1947,Dec,1921-1950,-0.05
1948-01-01,1948,Jan,1921-1950,0.3
1948-02-01,1948,Feb,1921-1950,-0.14
1948-03-01,1948,Mar,1921-1950,-0.27
1948-04-01,1948,Apr,1921-1950,-0.03
1948-05-01,1948,May,1921-1950,0.17
1948-06-01,1948,Jun,1921-1950,0.04
1948-07-01,1948,Jul,1921-1950,0.01
1948-08-01,1948,Aug,1921-1950,0.03
1948-09-01,1948,Sep,1921-1950,-0.03
1948-10-01,1948,Oct,1921-1950,0.08
1948-11-01,1948,Nov,1921-1950,0.04
1948-12-01,1948,Dec,1921-1950,-0.39
1949-01-01,1949,Jan,1921-1950,0.22
1949-02-01,1949,Feb,1921-1950,-0.09
1949-03-01,1949,Mar,1921-1950,0.04
1949-04-01,1949,Apr,1921-1950,-0.02
1949-05-01,1949,May,1921-1950,0.01
1949-06-01,1949,Jun,1921-1950,-0.2
1949-07-01,1949,Jul,1921-1950,-0.11
1949-08-01,1949,Aug,1921-1950,-0.04
1949-09-01,1949,Sep,1921-1950,-0.1
1949-10-01,1949,Oct,1921-1950,0.07
1949-11-01,1949,Nov,1921-1950,0.05
1949-12-01,1949,Dec,1921-1950,-0.14
1950-01-01,1950,Jan,1921-1950,-0.29
1950-02-01,1950,Feb,1921-1950,-0.27
1950-03-01,1950,Mar,1921-1950,0.06
1950-04-01,1950,Apr,1921-1950,-0.22
1950-05-01,1950,May,1921-1950,-0.04
1950-06-01,1950,Jun,1921-1950,-0.06
1950-07-01,1950,Jul,1921-1950,-0.19
1950-08-01,1950,Aug,1921-1950,-0.2
1950-09-01,1950,Sep,1921-1950,-0.09
1950-10-01,1950,Oct,1921-1950,-0.06
1950-11-01,1950,Nov,1921-1950,-0.33
1950-12-01,1950,Dec,1921-1950,-0.13
1951-01-01,1951,Jan,1951-1980,-0.36
1951-02-01,1951,Feb,1951-1980,-0.51
1951-03-01,1951,Mar,1951-1980,-0.18
1951-04-01,1951,Apr,1951-1980,0.07
1951-05-01,1951,May,1951-1980,0.17
1951-06-01,1951,Jun,1951-1980,-0.02
1951-07-01,1951,Jul,1951-1980,0.08
1951-08-01,1951,Aug,1951-1980,0.22
1951-09-01,1951,Sep,1951-1980,0.34
1951-10-01,1951,Oct,1951-1980,0.29
1951-11-01,1951,Nov,1951-1980,0.08
1951-12-01,1951,Dec,1951-1980,0.38
1952-01-01,1952,Jan,1951-1980,0.17
1952-02-01,1952,Feb,1951-1980,0.17
1952-03-01,1952,Mar,1951-1980,-0.22
1952-04-01,1952,Apr,1951-1980,0.17
1952-05-01,1952,May,1951-1980,0.15
1952-06-01,1952,Jun,1951-1980,0.16
1952-07-01,1952,Jul,1951-1980,0.14
1952-08-01,1952,Aug,1951-1980,0.07
1952-09-01,1952,Sep,1951-1980,0.14
1952-10-01,1952,Oct,1951-1980,-0.01
1952-11-01,1952,Nov,1951-1980,-0.21
1952-12-01,1952,Dec,1951-1980,0.01
1953-01-01,1953,Jan,1951-1980,0.24
1953-02-01,1953,Feb,1951-1980,0.37
1953-03-01,1953,Mar,1951-1980,0.25
1953-04-01,1953,Apr,1951-1980,0.41
1953-05-01,1953,May,1951-1980,0.25
1953-06-01,1953,Jun,1951-1980,0.25
1953-07-01,1953,Jul,1951-1980,0.22
1953-08-01,1953,Aug,1951-1980,0.18
1953-09-01,1953,Sep,1951-1980,0.17
1953-10-01,1953,Oct,1951-1980,0.27
1953-11-01,1953,Nov,1951-1980,0.09
1953-12-01,1953,Dec,1951-1980,0.22
1954-01-01,1954,Jan,1951-1980,-0.24
1954-02-01,1954,Feb,1951-1980,0
1954-03-01,1954,Mar,1951-1980,-0.16
1954-04-01,1954,Apr,1951-1980,-0.01
1954-05-01,1954,May,1951-1980,-0.07
1954-06-01,1954,Jun,1951-1980,-0.04
1954-07-01,1954,Jul,1951-1980,-0.11
1954-08-01,1954,Aug,1951-1980,-0.01
1954-09-01,1954,Sep,1951-1980,0.09
1954-10-01,1954,Oct,1951-1980,0.13
1954-11-01,1954,Nov,1951-1980,0.34
1954-12-01,1954,Dec,1951-1980,-0.11
1955-01-01,1955,Jan,1951-1980,0.42
1955-02-01,1955,Feb,1951-1980,-0.12
1955-03-01,1955,Mar,1951-1980,-0.43
1955-04-01,1955,Apr,1951-1980,-0.24
1955-05-01,1955,May,1951-1980,-0.13
1955-06-01,1955,Jun,1951-1980,-0.1
1955-07-01,1955,Jul,1951-1980,-0.05
1955-08-01,1955,Aug,1951-1980,0.06
1955-09-01,1955,Sep,1951-1980,-0.02
1955-10-01,1955,Oct,1951-1980,0.12
1955-11-01,1955,Nov,1951-1980,-0.34
1955-12-01,1955,Dec,1951-1980,-0.28
1956-01-01,1956,Jan,1951-1980,-0.04
1956-02-01,1956,Feb,1951-1980,-0.32
1956-03-01,1956,Mar,1951-1980,-0.23
1956-04-01,1956,Apr,1951-1980,-0.26
1956-05-01,1956,May,1951-1980,-0.3
1956-06-01,1956,Jun,1951-1980,-0.2
1956-07-01,1956,Jul,1951-1980,-0.2
1956-08-01,1956,Aug,1951-1980,-0.28
1956-09-01,1956,Sep,1951-1980,-0.32
1956-10-01,1956,Oct,1951-1980,-0.28
1956-11-01,1956,Nov,1951-1980,-0.26
1956-12-01,1956,Dec,1951-1980,-0.1
1957-01-01,1957,Jan,1951-1980,-0.14
1957-02-01,1957,Feb,1951-1980,-0.06
1957-03-01,1957,Mar,1951-1980,-0.1
1957-04-01,1957,Apr,1951-1980,-0.09
1957-05-01,1957,May,1951-1980,-0.06
1957-06-01,1957,Jun,1951-1980,0.12
1957-07-01,1957,Jul,1951-1980,0.11
1957-08-01,1957,Aug,1951-1980,0.16
1957-09-01,1957,Sep,1951-1980,0.12
1957-10-01,1957,Oct,1951-1980,0.06
1957-11-01,1957,Nov,1951-1980,0.12
1957-12-01,1957,Dec,1951-1980,0.24
1958-01-01,1958,Jan,1951-1980,0.68
1958-02-01,1958,Feb,1951-1980,0.28
1958-03-01,1958,Mar,1951-1980,0.16
1958-04-01,1958,Apr,1951-1980,0.02
1958-05-01,1958,May,1951-1980,0.12
1958-06-01,1958,Jun,1951-1980,0.04
1958-07-01,1958,Jul,1951-1980,0.04
1958-08-01,1958,Aug,1951-1980,0.13
1958-09-01,1958,Sep,1951-1980,0.07
1958-10-01,1958,Oct,1951-1980,0.08
1958-11-01,1958,Nov,1951-1980,0.03
1958-12-01,1958,Dec,1951-1980,0.18
1959-01-01,1959,Jan,1951-1980,0.24
1959-02-01,1959,Feb,1951-1980,0.16
1959-03-01,1959,Mar,1951-1980,0.32
1959-04-01,1959,Apr,1951-1980,0.22
1959-05-01,1959,May,1951-1980,0.04
1959-06-01,1959,Jun,1951-1980,0.14
1959-07-01,1959,Jul,1951-1980,0.05
1959-08-01,1959,Aug,1951-1980,0.09
1959-09-01,1959,Sep,1951-1980,0.13
1959-10-01,1959,Oct,1951-1980,-0.04
1959-11-01,1959,Nov,1951-1980,0.03
1959-12-01,1959,Dec,1951-1980,0.1
1960-01-01,1960,Jan,1951-1980,0.15
1960-02-01,1960,Feb,1951-1980,0.42
1960-03-01,1960,Mar,1951-1980,-0.4
1960-04-01,1960,Apr,1951-1980,-0.13
1960-05-01,1960,May,1951-1980,0.03
1960-06-01,1960,Jun,1951-1980,0.19
1960-07-01,1960,Jul,1951-1980,0.09
1960-08-01,1960,Aug,1951-1980,0.11
1960-09-01,1960,Sep,1951-1980,0.12
1960-10-01,1960,Oct,1951-1980,0.05
1960-11-01,1960,Nov,1951-1980,-0.08
1960-12-01,1960,Dec,1951-1980,0.39
1961-01-01,1961,Jan,1951-1980,0.17
1961-02-01,1961,Feb,1951-1980,0.29
1961-03-01,1961,Mar,1951-1980,0.22
1961-04-01,1961,Apr,1951-1980,0.14
1961-05-01,1961,May,1951-1980,0.07
1961-06-01,1961,Jun,1951-1980,0.18
1961-07-01,1961,Jul,1951-1980,0.06
1961-08-01,1961,Aug,1951-1980,0.04
1961-09-01,1961,Sep,1951-1980,-0.03
1961-10-01,1961,Oct,1951-1980,-0.04
1961-11-01,1961,Nov,1951-1980,0.08
1961-12-01,1961,Dec,1951-1980,-0.17
1962-01-01,1962,Jan,1951-1980,0.28
1962-02-01,1962,Feb,1951-1980,0.36
1962-03-01,1962,Mar,1951-1980,0.3
1962-04-01,1962,Apr,1951-1980,0.22
1962-05-01,1962,May,1951-1980,0.02
1962-06-01,1962,Jun,1951-1980,-0.13
1962-07-01,1962,Jul,1951-1980,0.1
1962-08-01,1962,Aug,1951-1980,0.04
1962-09-01,1962,Sep,1951-1980,-0.02
1962-10-01,1962,Oct,1951-1980,0.13
1962-11-01,1962,Nov,1951-1980,0.12
1962-12-01,1962,Dec,1951-1980,0.1
1963-01-01,1963,Jan,1951-1980,0.07
1963-02-01,1963,Feb,1951-1980,0.5
1963-03-01,1963,Mar,1951-1980,-0.11
1963-04-01,1963,Apr,1951-1980,0.04
1963-05-01,1963,May,1951-1980,-0.05
1963-06-01,1963,Jun,1951-1980,-0.04
1963-07-01,1963,Jul,1951-1980,0.1
1963-08-01,1963,Aug,1951-1980,0.14
1963-09-01,1963,Sep,1951-1980,0.13
1963-10-01,1963,Oct,1951-1980,0.42
1963-11-01,1963,Nov,1951-1980,0.43
1963-12-01,1963,Dec,1951-1980,0.02
1964-01-01,1964,Jan,1951-1980,-0.05
1964-02-01,1964,Feb,1951-1980,-0.03
1964-03-01,1964,Mar,1951-1980,-0.32
1964-04-01,1964,Apr,1951-1980,-0.3
1964-05-01,1964,May,1951-1980,-0.1
1964-06-01,1964,Jun,1951-1980,-0.09
1964-07-01,1964,Jul,1951-1980,-0.13
1964-08-01,1964,Aug,1951-1980,-0.23
1964-09-01,1964,Sep,1951-1980,-0.28
1964-10-01,1964,Oct,1951-1980,-0.31
1964-11-01,1964,Nov,1951-1980,-0.22
1964-12-01,1964,Dec,1951-1980,-0.27
1965-01-01,1965,Jan,1951-1980,-0.02
1965-02-01,1965,Feb,1951-1980,-0.37
1965-03-01,1965,Mar,1951-1980,-0.1
1965-04-01,1965,Apr,1951-1980,-0.26
1965-05-01,1965,May,1951-1980,-0.13
1965-06-01,1965,Jun,1951-1980,-0.2
1965-07-01,1965,Jul,1951-1980,-0.18
1965-08-01,1965,Aug,1951-1980,-0.2
1965-09-01,1965,Sep,1951-1980,-0.2
1965-10-01,1965,Oct,1951-1980,-0.02
1965-11-01,1965,Nov,1951-1980,0.04
1965-12-01,1965,Dec,1951-1980,-0.08
1966-01-01,1966,Jan,1951-1980,-0.25
1966-02-01,1966,Feb,1951-1980,0.03
1966-03-01,1966,Mar,1951-1980,0
1966-04-01,1966,Apr,1951-1980,-0.22
1966-05-01,1966,May,1951-1980,-0.05
1966-06-01,1966,Jun,1951-1980,0.06
1966-07-01,1966,Jul,1951-1980,0.11
1966-08-01,1966,Aug,1951-1980,0.14
1966-09-01,1966,Sep,1951-1980,0.06
1966-10-01,1966,Oct,1951-1980,-0.1
1966-11-01,1966,Nov,1951-1980,0.02
1966-12-01,1966,Dec,1951-1980,-0.03
1967-01-01,1967,Jan,1951-1980,-0.18
1967-02-01,1967,Feb,1951-1980,-0.37
1967-03-01,1967,Mar,1951-1980,0.23
1967-04-01,1967,Apr,1951-1980,0.05
1967-05-01,1967,May,1951-1980,0.21
1967-06-01,1967,Jun,1951-1980,-0.06
1967-07-01,1967,Jul,1951-1980,0.04
1967-08-01,1967,Aug,1951-1980,0.06
1967-09-01,1967,Sep,1951-1980,-0.03
1967-10-01,1967,Oct,1951-1980,0.29
1967-11-01,1967,Nov,1951-1980,0.04
1967-12-01,1967,Dec,1951-1980,0.02
1968-01-01,1968,Jan,1951-1980,-0.29
1968-02-01,1968,Feb,1951-1980,-0.16
1968-03-01,1968,Mar,1951-1980,0.44
1968-04-01,1968,Apr,1951-1980,0
1968-05-01,1968,May,1951-1980,-0.06
1968-06-01,1968,Jun,1951-1980,-0.05
1968-07-01,1968,Jul,1951-1980,-0.08
1968-08-01,1968,Aug,1951-1980,-0.08
1968-09-01,1968,Sep,1951-1980,-0.04
1968-10-01,1968,Oct,1951-1980,0
1968-11-01,1968,Nov,1951-1980,-0.22
1968-12-01,1968,Dec,1951-1980,-0.33
1969-01-01,1969,Jan,1951-1980,-0.43
1969-02-01,1969,Feb,1951-1980,-0.46
1969-03-01,1969,Mar,1951-1980,-0.2
1969-04-01,1969,Apr,1951-1980,0.03
1969-05-01,1969,May,1951-1980,0.11
1969-06-01,1969,Jun,1951-1980,-0.04
1969-07-01,1969,Jul,1951-1980,0.06
1969-08-01,1969,Aug,1951-1980,0.04
1969-09-01,1969,Sep,1951-1980,0.04
1969-10-01,1969,Oct,1951-1980,0.03
1969-11-01,1969,Nov,1951-1980,0.15
1969-12-01,1969,Dec,1951-1980,0.3
1970-01-01,1970,Jan,1951-1980,-0.02
1970-02-01,1970,Feb,1951-1980,0.27
1970-03-01,1970,Mar,1951-1980,-0.07
1970-04-01,1970,Apr,1951-1980,-0.02
1970-05-01,1970,May,1951-1980,0
1970-06-01,1970,Jun,1951-1980,0.02
1970-07-01,1970,Jul,1951-1980,-0.04
1970-08-01,1970,Aug,1951-1980,-0.05
1970-09-01,1970,Sep,1951-1980,-0.05
1970-10-01,1970,Oct,1951-1980,-0.2
1970-11-01,1970,Nov,1951-1980,0.01
1970-12-01,1970,Dec,1951-1980,-0.31
1971-01-01,1971,Jan,1951-1980,-0.14
1971-02-01,1971,Feb,1951-1980,-0.21
1971-03-01,1971,Mar,1951-1980,-0.28
1971-04-01,1971,Apr,1951-1980,-0.2
1971-05-01,1971,May,1951-1980,-0.12
1971-06-01,1971,Jun,1951-1980,-0.14
1971-07-01,1971,Jul,1951-1980,-0.13
1971-08-01,1971,Aug,1951-1980,-0.16
1971-09-01,1971,Sep,1951-1980,-0.14
1971-10-01,1971,Oct,1951-1980,-0.16
1971-11-01,1971,Nov,1951-1980,-0.01
1971-12-01,1971,Dec,1951-1980,-0.14
1972-01-01,1972,Jan,1951-1980,-0.54
1972-02-01,1972,Feb,1951-1980,-0.52
1972-03-01,1972,Mar,1951-1980,0.01
1972-04-01,1972,Apr,1951-1980,-0.11
1972-05-01,1972,May,1951-1980,-0.15
1972-06-01,1972,Jun,1951-1980,-0.1
1972-07-01,1972,Jul,1951-1980,-0.05
1972-08-01,1972,Aug,1951-1980,-0.09
1972-09-01,1972,Sep,1951-1980,-0.26
1972-10-01,1972,Oct,1951-1980,-0.04
1972-11-01,1972,Nov,1951-1980,-0.19
1972-12-01,1972,Dec,1951-1980,-0.04
1973-01-01,1973,Jan,1951-1980,0.15
1973-02-01,1973,Feb,1951-1980,0.44
1973-03-01,1973,Mar,1951-1980,0.32
1973-04-01,1973,Apr,1951-1980,0.19
1973-05-01,1973,May,1951-1980,0.09
1973-06-01,1973,Jun,1951-1980,0.16
1973-07-01,1973,Jul,1951-1980,0.04
1973-08-01,1973,Aug,1951-1980,0.03
1973-09-01,1973,Sep,1951-1980,-0.08
1973-10-01,1973,Oct,1951-1980,-0.07
1973-11-01,1973,Nov,1951-1980,-0.09
1973-12-01,1973,Dec,1951-1980,-0.04
1974-01-01,1974,Jan,1951-1980,-0.26
1974-02-01,1974,Feb,1951-1980,-0.35
1974-03-01,1974,Mar,1951-1980,0.03
1974-04-01,1974,Apr,1951-1980,-0.09
1974-05-01,1974,May,1951-1980,-0.19
1974-06-01,1974,Jun,1951-1980,-0.18
1974-07-01,1974,Jul,1951-1980,-0.12
1974-08-01,1974,Aug,1951-1980,-0.11
1974-09-01,1974,Sep,1951-1980,-0.16
1974-10-01,1974,Oct,1951-1980,-0.23
1974-11-01,1974,Nov,1951-1980,-0.21
1974-12-01,1974,Dec,1951-1980,-0.27
1975-01-01,1975,Jan,1951-1980,0.16
1975-02-01,1975,Feb,1951-1980,0.09
1975-03-01,1975,Mar,1951-1980,0.11
1975-04-01,1975,Apr,1951-1980,0.05
1975-05-01,1975,May,1951-1980,-0.02
1975-06-01,1975,Jun,1951-1980,-0.08
1975-07-01,1975,Jul,1951-1980,-0.06
1975-08-01,1975,Aug,1951-1980,-0.13
1975-09-01,1975,Sep,1951-1980,-0.08
1975-10-01,1975,Oct,1951-1980,-0.18
1975-11-01,1975,Nov,1951-1980,-0.3
1975-12-01,1975,Dec,1951-1980,-0.22
1976-01-01,1976,Jan,1951-1980,0.05
1976-02-01,1976,Feb,1951-1980,-0.12
1976-03-01,1976,Mar,1951-1980,-0.31
1976-04-01,1976,Apr,1951-1980,0.02
1976-05-01,1976,May,1951-1980,-0.25
1976-06-01,1976,Jun,1951-1980,-0.19
1976-07-01,1976,Jul,1951-1980,-0.26
1976-08-01,1976,Aug,1951-1980,-0.21
1976-09-01,1976,Sep,1951-1980,-0.12
1976-10-01,1976,Oct,1951-1980,-0.51
1976-11-01,1976,Nov,1951-1980,-0.31
1976-12-01,1976,Dec,1951-1980,-0.25
1977-01-01,1977,Jan,1951-1980,-0.16
1977-02-01,1977,Feb,1951-1980,0.11
1977-03-01,1977,Mar,1951-1980,0.26
1977-04-01,1977,Apr,1951-1980,0.25
1977-05-01,1977,May,1951-1980,0.23
1977-06-01,1977,Jun,1951-1980,0.22
1977-07-01,1977,Jul,1951-1980,0.08
1977-08-01,1977,Aug,1951-1980,0.02
1977-09-01,1977,Sep,1951-1980,0.13
1977-10-01,1977,Oct,1951-1980,-0.02
1977-11-01,1977,Nov,1951-1980,0.27
1977-12-01,1977,Dec,1951-1980,0.02
1978-01-01,1978,Jan,1951-1980,0.16
1978-02-01,1978,Feb,1951-1980,0.04
1978-03-01,1978,Mar,1951-1980,0.21
1978-04-01,1978,Apr,1951-1980,0.07
1978-05-01,1978,May,1951-1980,-0.06
1978-06-01,1978,Jun,1951-1980,-0.14
1978-07-01,1978,Jul,1951-1980,-0.07
1978-08-01,1978,Aug,1951-1980,-0.14
1978-09-01,1978,Sep,1951-1980,-0.01
1978-10-01,1978,Oct,1951-1980,0
1978-11-01,1978,Nov,1951-1980,0.16
1978-12-01,1978,Dec,1951-1980,0.02
1979-01-01,1979,Jan,1951-1980,-0.05
1979-02-01,1979,Feb,1951-1980,-0.35
1979-03-01,1979,Mar,1951-1980,0.18
1979-04-01,1979,Apr,1951-1980,-0.17
1979-05-01,1979,May,1951-1980,0.01
1979-06-01,1979,Jun,1951-1980,0.08
1979-07-01,1979,Jul,1951-1980,0.05
1979-08-01,1979,Aug,1951-1980,0.04
1979-09-01,1979,Sep,1951-1980,0.19
1979-10-01,1979,Oct,1951-1980,0.23
1979-11-01,1979,Nov,1951-1980,0.24
1979-12-01,1979,Dec,1951-1980,0.54
1980-01-01,1980,Jan,1951-1980,0.21
1980-02-01,1980,Feb,1951-1980,0.41
1980-03-01,1980,Mar,1951-1980,0.07
1980-04-01,1980,Apr,1951-1980,0.15
1980-05-01,1980,May,1951-1980,0.25
1980-06-01,1980,Jun,1951-1980,0.19
1980-07-01,1980,Jul,1951-1980,0.13
1980-08-01,1980,Aug,1951-1980,0.09
1980-09-01,1980,Sep,1951-1980,0.1
1980-10-01,1980,Oct,1951-1980,0.11
1980-11-01,1980,Nov,1951-1980,0.2
1980-12-01,1980,Dec,1951-1980,0.09
1981-01-01,1981,Jan,1981-2010,0.79
1981-02-01,1981,Feb,1981-2010,0.62
1981-03-01,1981,Mar,1981-2010,0.67
1981-04-01,1981,Apr,1981-2010,0.39
1981-05-01,1981,May,1981-2010,0.18
1981-06-01,1981,Jun,1981-2010,0.28
1981-07-01,1981,Jul,1981-2010,0.09
1981-08-01,1981,Aug,1981-2010,0.16
1981-09-01,1981,Sep,1981-2010,0.14
1981-10-01,1981,Oct,1981-2010,0.23
1981-11-01,1981,Nov,1981-2010,0.35
1981-12-01,1981,Dec,1981-2010,0.54
1982-01-01,1982,Jan,1981-2010,-0.14
1982-02-01,1982,Feb,1981-2010,0.16
1982-03-01,1982,Mar,1981-2010,0.06
1982-04-01,1982,Apr,1981-2010,0.17
1982-05-01,1982,May,1981-2010,0.09
1982-06-01,1982,Jun,1981-2010,0.01
1982-07-01,1982,Jul,1981-2010,0.04
1982-08-01,1982,Aug,1981-2010,-0.07
1982-09-01,1982,Sep,1981-2010,0.06
1982-10-01,1982,Oct,1981-2010,0
1982-11-01,1982,Nov,1981-2010,-0.11
1982-12-01,1982,Dec,1981-2010,0.38
1983-01-01,1983,Jan,1981-2010,0.55
1983-02-01,1983,Feb,1981-2010,0.35
1983-03-01,1983,Mar,1981-2010,0.42
1983-04-01,1983,Apr,1981-2010,0.06
1983-05-01,1983,May,1981-2010,0.05
1983-06-01,1983,Jun,1981-2010,0.11
1983-07-01,1983,Jul,1981-2010,0.2
1983-08-01,1983,Aug,1981-2010,0.25
1983-09-01,1983,Sep,1981-2010,0.26
1983-10-01,1983,Oct,1981-2010,0.12
1983-11-01,1983,Nov,1981-2010,0.49
1983-12-01,1983,Dec,1981-2010,0.11
1984-01-01,1984,Jan,1981-2010,0.33
1984-02-01,1984,Feb,1981-2010,0.02
1984-03-01,1984,Mar,1981-2010,0.18
1984-04-01,1984,Apr,1981-2010,-0.07
1984-05-01,1984,May,1981-2010,0.23
1984-06-01,1984,Jun,1981-2010,0.09
1984-07-01,1984,Jul,1981-2010,0.09
1984-08-01,1984,Aug,1981-2010,0.06
1984-09-01,1984,Sep,1981-2010,-0.04
1984-10-01,1984,Oct,1981-2010,0.08
1984-11-01,1984,Nov,1981-2010,-0.1
1984-12-01,1984,Dec,1981-2010,-0.42
1985-01-01,1985,Jan,1981-2010,0.07
1985-02-01,1985,Feb,1981-2010,-0.29
1985-03-01,1985,Mar,1981-2010,0
1985-04-01,1985,Apr,1981-2010,-0.03
1985-05-01,1985,May,1981-2010,0.09
1985-06-01,1985,Jun,1981-2010,0
1985-07-01,1985,Jul,1981-2010,-0.08
1985-08-01,1985,Aug,1981-2010,-0.02
1985-09-01,1985,Sep,1981-2010,0.03
1985-10-01,1985,Oct,1981-2010,0.02
1985-11-01,1985,Nov,1981-2010,0.02
1985-12-01,1985,Dec,1981-2010,0.16
1986-01-01,1986,Jan,1981-2010,0.36
1986-02-01,1986,Feb,1981-2010,0.31
1986-03-01,1986,Mar,1981-2010,0.26
1986-04-01,1986,Apr,1981-2010,0.15
1986-05-01,1986,May,1981-2010,0.19
1986-06-01,1986,Jun,1981-2010,0.14
1986-07-01,1986,Jul,1981-2010,-0.02
1986-08-01,1986,Aug,1981-2010,0.04
1986-09-01,1986,Sep,1981-2010,-0.02
1986-10-01,1986,Oct,1981-2010,0.09
1986-11-01,1986,Nov,1981-2010,0.04
1986-12-01,1986,Dec,1981-2010,0.06
1987-01-01,1987,Jan,1981-2010,0.25
1987-02-01,1987,Feb,1981-2010,0.5
1987-03-01,1987,Mar,1981-2010,0
1987-04-01,1987,Apr,1981-2010,0.07
1987-05-01,1987,May,1981-2010,0.23
1987-06-01,1987,Jun,1981-2010,0.17
1987-07-01,1987,Jul,1981-2010,0.25
1987-08-01,1987,Aug,1981-2010,0.27
1987-09-01,1987,Sep,1981-2010,0.39
1987-10-01,1987,Oct,1981-2010,0.22
1987-11-01,1987,Nov,1981-2010,0.1
1987-12-01,1987,Dec,1981-2010,0.51
1988-01-01,1988,Jan,1981-2010,0.59
1988-02-01,1988,Feb,1981-2010,0.46
1988-03-01,1988,Mar,1981-2010,0.47
1988-04-01,1988,Apr,1981-2010,0.44
1988-05-01,1988,May,1981-2010,0.43
1988-06-01,1988,Jun,1981-2010,0.4
1988-07-01,1988,Jul,1981-2010,0.42
1988-08-01,1988,Aug,1981-2010,0.26
1988-09-01,1988,Sep,1981-2010,0.26
1988-10-01,1988,Oct,1981-2010,0.23
1988-11-01,1988,Nov,1981-2010,0.06
1988-12-01,1988,Dec,1981-2010,0.43
1989-01-01,1989,Jan,1981-2010,0.08
1989-02-01,1989,Feb,1981-2010,0.39
1989-03-01,1989,Mar,1981-2010,0.45
1989-04-01,1989,Apr,1981-2010,0.32
1989-05-01,1989,May,1981-2010,0.22
1989-06-01,1989,Jun,1981-2010,0.24
1989-07-01,1989,Jul,1981-2010,0.32
1989-08-01,1989,Aug,1981-2010,0.26
1989-09-01,1989,Sep,1981-2010,0.24
1989-10-01,1989,Oct,1981-2010,0.25
1989-11-01,1989,Nov,1981-2010,0.12
1989-12-01,1989,Dec,1981-2010,0.34
1990-01-01,1990,Jan,1981-2010,0.47
1990-02-01,1990,Feb,1981-2010,0.54
1990-03-01,1990,Mar,1981-2010,1.16
1990-04-01,1990,Apr,1981-2010,0.71
1990-05-01,1990,May,1981-2010,0.5
1990-06-01,1990,Jun,1981-2010,0.48
1990-07-01,1990,Jul,1981-2010,0.33
1990-08-01,1990,Aug,1981-2010,0.41
1990-09-01,1990,Sep,1981-2010,0.42
1990-10-01,1990,Oct,1981-2010,0.48
1990-11-01,1990,Nov,1981-2010,0.46
1990-12-01,1990,Dec,1981-2010,0.38
1991-01-01,1991,Jan,1981-2010,0.6
1991-02-01,1991,Feb,1981-2010,0.57
1991-03-01,1991,Mar,1981-2010,0.45
1991-04-01,1991,Apr,1981-2010,0.56
1991-05-01,1991,May,1981-2010,0.33
1991-06-01,1991,Jun,1981-2010,0.47
1991-07-01,1991,Jul,1981-2010,0.43
1991-08-01,1991,Aug,1981-2010,0.35
1991-09-01,1991,Sep,1981-2010,0.35
1991-10-01,1991,Oct,1981-2010,0.29
1991-11-01,1991,Nov,1981-2010,0.32
1991-12-01,1991,Dec,1981-2010,0.2
1992-01-01,1992,Jan,1981-2010,0.61
1992-02-01,1992,Feb,1981-2010,0.5
1992-03-01,1992,Mar,1981-2010,0.54
1992-04-01,1992,Apr,1981-2010,0.16
1992-05-01,1992,May,1981-2010,0.19
1992-06-01,1992,Jun,1981-2010,0.04
1992-07-01,1992,Jul,1981-2010,-0.1
1992-08-01,1992,Aug,1981-2010,-0.07
1992-09-01,1992,Sep,1981-2010,-0.18
1992-10-01,1992,Oct,1981-2010,-0.17
1992-11-01,1992,Nov,1981-2010,-0.09
1992-12-01,1992,Dec,1981-2010,0.21
1993-01-01,1993,Jan,1981-2010,0.39
1993-02-01,1993,Feb,1981-2010,0.52
1993-03-01,1993,Mar,1981-2010,0.39
1993-04-01,1993,Apr,1981-2010,0.23
1993-05-01,1993,May,1981-2010,0.32
1993-06-01,1993,Jun,1981-2010,0.22
1993-07-01,1993,Jul,1981-2010,0.12
1993-08-01,1993,Aug,1981-2010,0.02
1993-09-01,1993,Sep,1981-2010,-0.06
1993-10-01,1993,Oct,1981-2010,0.12
1993-11-01,1993,Nov,1981-2010,-0.21
1993-12-01,1993,Dec,1981-2010,0.22
1994-01-01,1994,Jan,1981-2010,0.34
1994-02-01,1994,Feb,1981-2010,-0.04
1994-03-01,1994,Mar,1981-2010,0.49
1994-04-01,1994,Apr,1981-2010,0.48
1994-05-01,1994,May,1981-2010,0.39
1994-06-01,1994,Jun,1981-2010,0.42
1994-07-01,1994,Jul,1981-2010,0.34
1994-08-01,1994,Aug,1981-2010,0.33
1994-09-01,1994,Sep,1981-2010,0.33
1994-10-01,1994,Oct,1981-2010,0.55
1994-11-01,1994,Nov,1981-2010,0.5
1994-12-01,1994,Dec,1981-2010,0.36
1995-01-01,1995,Jan,1981-2010,0.75
1995-02-01,1995,Feb,1981-2010,1.2
1995-03-01,1995,Mar,1981-2010,0.59
1995-04-01,1995,Apr,1981-2010,0.72
1995-05-01,1995,May,1981-2010,0.41
1995-06-01,1995,Jun,1981-2010,0.51
1995-07-01,1995,Jul,1981-2010,0.38
1995-08-01,1995,Aug,1981-2010,0.54
1995-09-01,1995,Sep,1981-2010,0.43
1995-10-01,1995,Oct,1981-2010,0.6
1995-11-01,1995,Nov,1981-2010,0.57
1995-12-01,1995,Dec,1981-2010,0.27
1996-01-01,1996,Jan,1981-2010,0.27
1996-02-01,1996,Feb,1981-2010,0.55
1996-03-01,1996,Mar,1981-2010,0.32
1996-04-01,1996,Apr,1981-2010,0.18
1996-05-01,1996,May,1981-2010,0.35
1996-06-01,1996,Jun,1981-2010,0.25
1996-07-01,1996,Jul,1981-2010,0.29
1996-08-01,1996,Aug,1981-2010,0.19
1996-09-01,1996,Sep,1981-2010,0.04
1996-10-01,1996,Oct,1981-2010,0.05
1996-11-01,1996,Nov,1981-2010,0.35
1996-12-01,1996,Dec,1981-2010,0.35
1997-01-01,1997,Jan,1981-2010,0.34
1997-02-01,1997,Feb,1981-2010,0.6
1997-03-01,1997,Mar,1981-2010,0.75
1997-04-01,1997,Apr,1981-2010,0.49
1997-05-01,1997,May,1981-2010,0.42
1997-06-01,1997,Jun,1981-2010,0.49
1997-07-01,1997,Jul,1981-2010,0.41
1997-08-01,1997,Aug,1981-2010,0.48
1997-09-01,1997,Sep,1981-2010,0.52
1997-10-01,1997,Oct,1981-2010,0.64
1997-11-01,1997,Nov,1981-2010,0.59
1997-12-01,1997,Dec,1981-2010,0.51
1998-01-01,1998,Jan,1981-2010,0.62
1998-02-01,1998,Feb,1981-2010,1.04
1998-03-01,1998,Mar,1981-2010,0.72
1998-04-01,1998,Apr,1981-2010,0.87
1998-05-01,1998,May,1981-2010,0.66
1998-06-01,1998,Jun,1981-2010,0.73
1998-07-01,1998,Jul,1981-2010,0.75
1998-08-01,1998,Aug,1981-2010,0.72
1998-09-01,1998,Sep,1981-2010,0.61
1998-10-01,1998,Oct,1981-2010,0.54
1998-11-01,1998,Nov,1981-2010,0.49
1998-12-01,1998,Dec,1981-2010,0.74
1999-01-01,1999,Jan,1981-2010,0.59
1999-02-01,1999,Feb,1981-2010,1
1999-03-01,1999,Mar,1981-2010,0.29
1999-04-01,1999,Apr,1981-2010,0.54
1999-05-01,1999,May,1981-2010,0.36
1999-06-01,1999,Jun,1981-2010,0.35
1999-07-01,1999,Jul,1981-2010,0.36
1999-08-01,1999,Aug,1981-2010,0.3
1999-09-01,1999,Sep,1981-2010,0.4
1999-10-01,1999,Oct,1981-2010,0.39
1999-11-01,1999,Nov,1981-2010,0.53
1999-12-01,1999,Dec,1981-2010,0.66
2000-01-01,2000,Jan,1981-2010,0.38
2000-02-01,2000,Feb,1981-2010,0.89
2000-03-01,2000,Mar,1981-2010,0.83
2000-04-01,2000,Apr,1981-2010,0.89
2000-05-01,2000,May,1981-2010,0.55
2000-06-01,2000,Jun,1981-2010,0.44
2000-07-01,2000,Jul,1981-2010,0.42
2000-08-01,2000,Aug,1981-2010,0.47
2000-09-01,2000,Sep,1981-2010,0.37
2000-10-01,2000,Oct,1981-2010,0.29
2000-11-01,2000,Nov,1981-2010,0.2
2000-12-01,2000,Dec,1981-2010,0.27
2001-01-01,2001,Jan,1981-2010,0.57
2001-02-01,2001,Feb,1981-2010,0.46
2001-03-01,2001,Mar,1981-2010,0.76
2001-04-01,2001,Apr,1981-2010,0.6
2001-05-01,2001,May,1981-2010,0.69
2001-06-01,2001,Jun,1981-2010,0.51
2001-07-01,2001,Jul,1981-2010,0.63
2001-08-01,2001,Aug,1981-2010,0.68
2001-09-01,2001,Sep,1981-2010,0.56
2001-10-01,2001,Oct,1981-2010,0.6
2001-11-01,2001,Nov,1981-2010,0.98
2001-12-01,2001,Dec,1981-2010,0.66
2002-01-01,2002,Jan,1981-2010,1.02
2002-02-01,2002,Feb,1981-2010,1.14
2002-03-01,2002,Mar,1981-2010,1.12
2002-04-01,2002,Apr,1981-2010,0.51
2002-05-01,2002,May,1981-2010,0.52
2002-06-01,2002,Jun,1981-2010,0.68
2002-07-01,2002,Jul,1981-2010,0.66
2002-08-01,2002,Aug,1981-2010,0.55
2002-09-01,2002,Sep,1981-2010,0.62
2002-10-01,2002,Oct,1981-2010,0.54
2002-11-01,2002,Nov,1981-2010,0.79
2002-12-01,2002,Dec,1981-2010,0.42
2003-01-01,2003,Jan,1981-2010,0.93
2003-02-01,2003,Feb,1981-2010,0.57
2003-03-01,2003,Mar,1981-2010,0.67
2003-04-01,2003,Apr,1981-2010,0.61
2003-05-01,2003,May,1981-2010,0.72
2003-06-01,2003,Jun,1981-2010,0.55
2003-07-01,2003,Jul,1981-2010,0.68
2003-08-01,2003,Aug,1981-2010,0.86
2003-09-01,2003,Sep,1981-2010,0.78
2003-10-01,2003,Oct,1981-2010,0.99
2003-11-01,2003,Nov,1981-2010,0.66
2003-12-01,2003,Dec,1981-2010,0.98
2004-01-01,2004,Jan,1981-2010,0.67
2004-02-01,2004,Feb,1981-2010,0.92
2004-03-01,2004,Mar,1981-2010,0.87
2004-04-01,2004,Apr,1981-2010,0.7
2004-05-01,2004,May,1981-2010,0.52
2004-06-01,2004,Jun,1981-2010,0.47
2004-07-01,2004,Jul,1981-2010,0.5
2004-08-01,2004,Aug,1981-2010,0.55
2004-09-01,2004,Sep,1981-2010,0.6
2004-10-01,2004,Oct,1981-2010,0.7
2004-11-01,2004,Nov,1981-2010,0.98
2004-12-01,2004,Dec,1981-2010,0.45
2005-01-01,2005,Jan,1981-2010,0.94
2005-02-01,2005,Feb,1981-2010,0.72
2005-03-01,2005,Mar,1981-2010,0.95
2005-04-01,2005,Apr,1981-2010,0.92
2005-05-01,2005,May,1981-2010,0.78
2005-06-01,2005,Jun,1981-2010,0.79
2005-07-01,2005,Jul,1981-2010,0.75
2005-08-01,2005,Aug,1981-2010,0.7
2005-09-01,2005,Sep,1981-2010,0.9
2005-10-01,2005,Oct,1981-2010,0.95
2005-11-01,2005,Nov,1981-2010,1.06
2005-12-01,2005,Dec,1981-2010,0.84
2006-01-01,2006,Jan,1981-2010,0.65
2006-02-01,2006,Feb,1981-2010,0.95
2006-03-01,2006,Mar,1981-2010,0.78
2006-04-01,2006,Apr,1981-2010,0.6
2006-05-01,2006,May,1981-2010,0.76
2006-06-01,2006,Jun,1981-2010,0.81
2006-07-01,2006,Jul,1981-2010,0.69
2006-08-01,2006,Aug,1981-2010,0.69
2006-09-01,2006,Sep,1981-2010,0.82
2006-10-01,2006,Oct,1981-2010,0.96
2006-11-01,2006,Nov,1981-2010,0.95
2006-12-01,2006,Dec,1981-2010,1.16
2007-01-01,2007,Jan,1981-2010,1.46
2007-02-01,2007,Feb,1981-2010,0.9
2007-03-01,2007,Mar,1981-2010,0.96
2007-04-01,2007,Apr,1981-2010,1.07
2007-05-01,2007,May,1981-2010,0.72
2007-06-01,2007,Jun,1981-2010,0.65
2007-07-01,2007,Jul,1981-2010,0.66
2007-08-01,2007,Aug,1981-2010,0.73
2007-09-01,2007,Sep,1981-2010,0.67
2007-10-01,2007,Oct,1981-2010,0.84
2007-11-01,2007,Nov,1981-2010,0.82
2007-12-01,2007,Dec,1981-2010,0.77
2008-01-01,2008,Jan,1981-2010,0.34
2008-02-01,2008,Feb,1981-2010,0.59
2008-03-01,2008,Mar,1981-2010,1.14
2008-04-01,2008,Apr,1981-2010,0.65
2008-05-01,2008,May,1981-2010,0.6
2008-06-01,2008,Jun,1981-2010,0.61
2008-07-01,2008,Jul,1981-2010,0.6
2008-08-01,2008,Aug,1981-2010,0.6
2008-09-01,2008,Sep,1981-2010,0.58
2008-10-01,2008,Oct,1981-2010,0.86
2008-11-01,2008,Nov,1981-2010,0.97
2008-12-01,2008,Dec,1981-2010,0.66
2009-01-01,2009,Jan,1981-2010,0.82
2009-02-01,2009,Feb,1981-2010,0.7
2009-03-01,2009,Mar,1981-2010,0.6
2009-04-01,2009,Apr,1981-2010,0.7
2009-05-01,2009,May,1981-2010,0.66
2009-06-01,2009,Jun,1981-2010,0.68
2009-07-01,2009,Jul,1981-2010,0.68
2009-08-01,2009,Aug,1981-2010,0.72
2009-09-01,2009,Sep,1981-2010,0.85
2009-10-01,2009,Oct,1981-2010,0.79
2009-11-01,2009,Nov,1981-2010,0.85
2009-12-01,2009,Dec,1981-2010,0.67
2010-01-01,2010,Jan,1981-2010,0.81
2010-02-01,2010,Feb,1981-2010,0.94
2010-03-01,2010,Mar,1981-2010,1.1
2010-04-01,2010,Apr,1981-2010,1.13
2010-05-01,2010,May,1981-2010,0.94
2010-06-01,2010,Jun,1981-2010,0.85
2010-07-01,2010,Jul,1981-2010,0.89
2010-08-01,2010,Aug,1981-2010,0.86
2010-09-01,2010,Sep,1981-2010,0.7
2010-10-01,2010,Oct,1981-2010,0.89
2010-11-01,2010,Nov,1981-2010,1.21
2010-12-01,2010,Dec,1981-2010,0.5
2011-01-01,2011,Jan,2011-present,0.61
2011-02-01,2011,Feb,2011-present,0.56
2011-03-01,2011,Mar,2011-present,0.88
2011-04-01,2011,Apr,2011-present,0.84
2011-05-01,2011,May,2011-present,0.66
2011-06-01,2011,Jun,2011-present,0.76
2011-07-01,2011,Jul,2011-present,0.73
2011-08-01,2011,Aug,2011-present,0.71
2011-09-01,2011,Sep,2011-present,0.74
2011-10-01,2011,Oct,2011-present,0.91
2011-11-01,2011,Nov,2011-present,0.66
2011-12-01,2011,Dec,2011-present,0.89
2012-01-01,2012,Jan,2011-present,0.68
2012-02-01,2012,Feb,2011-present,0.59
2012-03-01,2012,Mar,2011-present,0.72
2012-04-01,2012,Apr,2011-present,1.06
2012-05-01,2012,May,2011-present,0.97
2012-06-01,2012,Jun,2011-present,0.94
2012-07-01,2012,Jul,2011-present,0.85
2012-08-01,2012,Aug,2011-present,0.76
2012-09-01,2012,Sep,2011-present,0.86
2012-10-01,2012,Oct,2011-present,0.91
2012-11-01,2012,Nov,2011-present,0.98
2012-12-01,2012,Dec,2011-present,0.46
2013-01-01,2013,Jan,2011-present,0.85
2013-02-01,2013,Feb,2011-present,0.79
2013-03-01,2013,Mar,2011-present,0.81
2013-04-01,2013,Apr,2011-present,0.68
2013-05-01,2013,May,2011-present,0.78
2013-06-01,2013,Jun,2011-present,0.77
2013-07-01,2013,Jul,2011-present,0.7
2013-08-01,2013,Aug,2011-present,0.74
2013-09-01,2013,Sep,2011-present,0.7
2013-10-01,2013,Oct,2011-present,0.83
2013-11-01,2013,Nov,2011-present,1.13
2013-12-01,2013,Dec,2011-present,0.84
2014-01-01,2014,Jan,2011-present,0.97
2014-02-01,2014,Feb,2011-present,0.72
2014-03-01,2014,Mar,2011-present,1.2
2014-04-01,2014,Apr,2011-present,1.08
2014-05-01,2014,May,2011-present,0.9
2014-06-01,2014,Jun,2011-present,0.82
2014-07-01,2014,Jul,2011-present,0.77
2014-08-01,2014,Aug,2011-present,0.91
2014-09-01,2014,Sep,2011-present,0.84
2014-10-01,2014,Oct,2011-present,0.93
2014-11-01,2014,Nov,2011-present,0.81
2014-12-01,2014,Dec,2011-present,1.11
2015-01-01,2015,Jan,2011-present,1.18
2015-02-01,2015,Feb,2011-present,1.2
2015-03-01,2015,Mar,2011-present,1.32
2015-04-01,2015,Apr,2011-present,1.02
2015-05-01,2015,May,2011-present,1.05
2015-06-01,2015,Jun,2011-present,1.06
2015-07-01,2015,Jul,2011-present,0.92
2015-08-01,2015,Aug,2011-present,1.02
2015-09-01,2015,Sep,2011-present,1.17
2015-10-01,2015,Oct,2011-present,1.3
2015-11-01,2015,Nov,2011-present,1.38
2015-12-01,2015,Dec,2011-present,1.54
2016-01-01,2016,Jan,2011-present,1.55
2016-02-01,2016,Feb,2011-present,1.94
2016-03-01,2016,Mar,2011-present,1.91
2016-04-01,2016,Apr,2011-present,1.49
2016-05-01,2016,May,2011-present,1.12
2016-06-01,2016,Jun,2011-present,1.12
2016-07-01,2016,Jul,2011-present,1.04
2016-08-01,2016,Aug,2011-present,1.12
2016-09-01,2016,Sep,2011-present,1.23
2016-10-01,2016,Oct,2011-present,1.03
2016-11-01,2016,Nov,2011-present,1.12
2016-12-01,2016,Dec,2011-present,1.05
2017-01-01,2017,Jan,2011-present,1.39
2017-02-01,2017,Feb,2011-present,1.52
2017-03-01,2017,Mar,2011-present,1.52
2017-04-01,2017,Apr,2011-present,1.2
2017-05-01,2017,May,2011-present,0.92
2017-06-01,2017,Jun,2011-present,0.93
2017-07-01,2017,Jul,2011-present,0.97
2017-08-01,2017,Aug,2011-present,1.02
2017-09-01,2017,Sep,2011-present,1
2017-10-01,2017,Oct,2011-present,1.05
2017-11-01,2017,Nov,2011-present,1.23
2017-12-01,2017,Dec,2011-present,1.4
2018-01-01,2018,Jan,2011-present,1.14
2018-02-01,2018,Feb,2011-present,1.24
2018-03-01,2018,Mar,2011-present,1.17
2018-04-01,2018,Apr,2011-present,0.97
2018-05-01,2018,May,2011-present,1.01
2018-06-01,2018,Jun,2011-present,0.87
2018-07-01,2018,Jul,2011-present,0.9
2018-08-01,2018,Aug,2011-present,0.87
2018-09-01,2018,Sep,2011-present,0.97
2018-10-01,2018,Oct,2011-present,1.25
2018-11-01,2018,Nov,2011-present,0.98
2018-12-01,2018,Dec,2011-present,1.11
2019-01-01,2019,Jan,2011-present,1.21
2019-02-01,2019,Feb,2011-present,1.13
2019-03-01,2019,Mar,2011-present,1.55
2019-04-01,2019,Apr,2011-present,1.26
2019-05-01,2019,May,2011-present,0.99
2019-06-01,2019,Jun,2011-present,1.2
2019-07-01,2019,Jul,2011-present,1.04
2019-08-01,2019,Aug,2011-present,1.09
2019-09-01,2019,Sep,2011-present,1.22
2019-10-01,2019,Oct,2011-present,1.31
2019-11-01,2019,Nov,2011-present,1.21
2019-12-01,2019,Dec,2011-present,1.4
2020-01-01,2020,Jan,2011-present,1.59
2020-02-01,2020,Feb,2011-present,1.7
2020-03-01,2020,Mar,2011-present,1.67
2020-04-01,2020,Apr,2011-present,1.42
2020-05-01,2020,May,2011-present,1.28
2020-06-01,2020,Jun,2011-present,1.13
2020-07-01,2020,Jul,2011-present,1.11
2020-08-01,2020,Aug,2011-present,1.13
2020-09-01,2020,Sep,2011-present,1.21
2020-10-01,2020,Oct,2011-present,1.23
2020-11-01,2020,Nov,2011-present,1.62
2020-12-01,2020,Dec,2011-present,1.24
2021-01-01,2021,Jan,2011-present,1.26
2021-02-01,2021,Feb,2011-present,0.96
2021-03-01,2021,Mar,2011-present,1.2
2021-04-01,2021,Apr,2011-present,1.13
2021-05-01,2021,May,2011-present,1.04
2021-06-01,2021,Jun,2011-present,1.21
2021-07-01,2021,Jul,2011-present,1.07
2021-08-01,2021,Aug,2011-present,NA
2021-09-01,2021,Sep,2011-present,NA
2021-10-01,2021,Oct,2011-present,NA
2021-11-01,2021,Nov,2011-present,NA
2021-12-01,2021,Dec,2011-present,NA
